,_step,env_step,episode,episode_reward,time,eval_total_time,frame,env,seed,name
0,180,15000,0,0.7498859941959382,0,0,0,hopper-stand,1,iFSQ-RL+rec
1,352,20000,0,0.3213376760482788,0,0,0,hopper-stand,1,iFSQ-RL+rec
2,524,25000,0,3.1308535516262053,0,0,0,hopper-stand,1,iFSQ-RL+rec
3,696,30000,0,1.2155334055423737,0,0,0,hopper-stand,1,iFSQ-RL+rec
4,868,35000,0,0.4959793329238892,0,0,0,hopper-stand,1,iFSQ-RL+rec
5,1040,40000,0,0.0,0,0,0,hopper-stand,1,iFSQ-RL+rec
6,1212,45000,0,41.73567054271698,0,0,0,hopper-stand,1,iFSQ-RL+rec
7,1384,50000,0,80.4561998963356,0,0,0,hopper-stand,1,iFSQ-RL+rec
8,1556,55000,0,28.970060563087465,0,0,0,hopper-stand,1,iFSQ-RL+rec
9,1728,60000,0,242.57218644618987,0,0,0,hopper-stand,1,iFSQ-RL+rec
10,1900,65000,0,88.63415951728821,0,0,0,hopper-stand,1,iFSQ-RL+rec
0,180,15000,0,5.984439849853516,0,0,0,hopper-stand,2,iFSQ-RL+rec
1,352,20000,0,4.907743537425995,0,0,0,hopper-stand,2,iFSQ-RL+rec
2,524,25000,0,3.2188597559928893,0,0,0,hopper-stand,2,iFSQ-RL+rec
3,696,30000,0,2.6290789246559143,0,0,0,hopper-stand,2,iFSQ-RL+rec
4,868,35000,0,3.978892129659653,0,0,0,hopper-stand,2,iFSQ-RL+rec
5,1040,40000,0,7.505633276700974,0,0,0,hopper-stand,2,iFSQ-RL+rec
6,1212,45000,0,37.477258986234666,0,0,0,hopper-stand,2,iFSQ-RL+rec
7,1384,50000,0,189.36350175738335,0,0,0,hopper-stand,2,iFSQ-RL+rec
8,1556,55000,0,97.32512059211732,0,0,0,hopper-stand,2,iFSQ-RL+rec
9,1728,60000,0,74.69034031033516,0,0,0,hopper-stand,2,iFSQ-RL+rec
10,1900,65000,0,272.16510384082795,0,0,0,hopper-stand,2,iFSQ-RL+rec
11,2072,70000,0,216.08229532241822,0,0,0,hopper-stand,2,iFSQ-RL+rec
12,2244,75000,0,26.60195082426071,0,0,0,hopper-stand,2,iFSQ-RL+rec
0,180,15000,0,0.9902799844741821,0,0,0,hopper-stand,3,iFSQ-RL+rec
1,352,20000,0,0.6937748908996582,0,0,0,hopper-stand,3,iFSQ-RL+rec
2,524,25000,0,0.8330150723457337,0,0,0,hopper-stand,3,iFSQ-RL+rec
3,696,30000,0,3.7696997821331024,0,0,0,hopper-stand,3,iFSQ-RL+rec
4,868,35000,0,4.082793974876404,0,0,0,hopper-stand,3,iFSQ-RL+rec
5,1040,40000,0,12.448058587312698,0,0,0,hopper-stand,3,iFSQ-RL+rec
6,1212,45000,0,5.025297206640244,0,0,0,hopper-stand,3,iFSQ-RL+rec
7,1384,50000,0,1.5419770896434783,0,0,0,hopper-stand,3,iFSQ-RL+rec
8,1556,55000,0,14.63246883749962,0,0,0,hopper-stand,3,iFSQ-RL+rec
0,180,15000,0,5.464439100027084,0,0,0,hopper-stand,4,iFSQ-RL+rec
1,352,20000,0,1.8784011960029603,0,0,0,hopper-stand,4,iFSQ-RL+rec
2,524,25000,0,0.0,0,0,0,hopper-stand,4,iFSQ-RL+rec
3,696,30000,0,1.6832452833652496,0,0,0,hopper-stand,4,iFSQ-RL+rec
4,868,35000,0,0.0,0,0,0,hopper-stand,4,iFSQ-RL+rec
5,1040,40000,0,2.075968462228775,0,0,0,hopper-stand,4,iFSQ-RL+rec
6,1212,45000,0,8.910912024974824,0,0,0,hopper-stand,4,iFSQ-RL+rec
7,1384,50000,0,0.6732342481613159,0,0,0,hopper-stand,4,iFSQ-RL+rec
8,1556,55000,0,0.7884236216545105,0,0,0,hopper-stand,4,iFSQ-RL+rec
0,180,15000,0,0.3264279067516327,0,0,0,hopper-stand,5,iFSQ-RL+rec
1,352,20000,0,0.2417382061481476,0,0,0,hopper-stand,5,iFSQ-RL+rec
2,524,25000,0,0.49277926683425904,0,0,0,hopper-stand,5,iFSQ-RL+rec
3,696,30000,0,5.358103150129319,0,0,0,hopper-stand,5,iFSQ-RL+rec
4,868,35000,0,5.992222237586975,0,0,0,hopper-stand,5,iFSQ-RL+rec
5,1040,40000,0,1.533075761795044,0,0,0,hopper-stand,5,iFSQ-RL+rec
6,1212,45000,0,1.8769322872161864,0,0,0,hopper-stand,5,iFSQ-RL+rec
7,1384,50000,0,5.287125980854034,0,0,0,hopper-stand,5,iFSQ-RL+rec
8,1556,55000,0,37.81371144652367,0,0,0,hopper-stand,5,iFSQ-RL+rec
0,180,15000,0,0.731135368347168,0,0,0,hopper-stand,1,iFSQ-RL
1,352,20000,0,2.330802911520004,0,0,0,hopper-stand,1,iFSQ-RL
2,524,25000,0,3.272270303964615,0,0,0,hopper-stand,1,iFSQ-RL
3,696,30000,0,2.3917660474777223,0,0,0,hopper-stand,1,iFSQ-RL
4,868,35000,0,2.9289157569408415,0,0,0,hopper-stand,1,iFSQ-RL
5,1040,40000,0,0.6982581853866577,0,0,0,hopper-stand,1,iFSQ-RL
6,1212,45000,0,8.998333877325058,0,0,0,hopper-stand,1,iFSQ-RL
7,1384,50000,0,0.0,0,0,0,hopper-stand,1,iFSQ-RL
8,1556,55000,0,5.869589453935623,0,0,0,hopper-stand,1,iFSQ-RL
9,1728,60000,0,15.920769786834716,0,0,0,hopper-stand,1,iFSQ-RL
10,1900,65000,0,3.947401058673859,0,0,0,hopper-stand,1,iFSQ-RL
11,2072,70000,0,5.420100992918014,0,0,0,hopper-stand,1,iFSQ-RL
12,2244,75000,0,12.685408824682236,0,0,0,hopper-stand,1,iFSQ-RL
13,2416,80000,0,4.231066280603409,0,0,0,hopper-stand,1,iFSQ-RL
14,2588,85000,0,0.0,0,0,0,hopper-stand,1,iFSQ-RL
15,2760,90000,0,17.54047374725342,0,0,0,hopper-stand,1,iFSQ-RL
16,2932,95000,0,4.889949655532837,0,0,0,hopper-stand,1,iFSQ-RL
17,3104,100000,0,2.6475107967853546,0,0,0,hopper-stand,1,iFSQ-RL
18,3276,105000,0,2.619687920808792,0,0,0,hopper-stand,1,iFSQ-RL
19,3448,110000,0,0.0,0,0,0,hopper-stand,1,iFSQ-RL
20,3620,115000,0,6.8822569966316225,0,0,0,hopper-stand,1,iFSQ-RL
21,3792,120000,0,1.927170032262802,0,0,0,hopper-stand,1,iFSQ-RL
22,3964,125000,0,2.1840761423110964,0,0,0,hopper-stand,1,iFSQ-RL
23,4136,130000,0,0.3375229239463806,0,0,0,hopper-stand,1,iFSQ-RL
24,4308,135000,0,3.904537719488144,0,0,0,hopper-stand,1,iFSQ-RL
25,4480,140000,0,1.8056701362133025,0,0,0,hopper-stand,1,iFSQ-RL
26,4652,145000,0,5.170002007484436,0,0,0,hopper-stand,1,iFSQ-RL
27,4824,150000,0,91.78250728845596,0,0,0,hopper-stand,1,iFSQ-RL
28,4996,155000,0,1.212786614894867,0,0,0,hopper-stand,1,iFSQ-RL
29,5168,160000,0,96.47731391191482,0,0,0,hopper-stand,1,iFSQ-RL
30,5340,165000,0,3.4610604882240295,0,0,0,hopper-stand,1,iFSQ-RL
31,5512,170000,0,5.050846862792969,0,0,0,hopper-stand,1,iFSQ-RL
32,5684,175000,0,186.61740021705629,0,0,0,hopper-stand,1,iFSQ-RL
33,5856,180000,0,4.973756468296051,0,0,0,hopper-stand,1,iFSQ-RL
34,6028,185000,0,91.20427819490433,0,0,0,hopper-stand,1,iFSQ-RL
35,6200,190000,0,3.602746570110321,0,0,0,hopper-stand,1,iFSQ-RL
36,6372,195000,0,0.8280856013298035,0,0,0,hopper-stand,1,iFSQ-RL
37,6544,200000,0,2.5255273044109345,0,0,0,hopper-stand,1,iFSQ-RL
38,6716,205000,0,4.232607054710388,0,0,0,hopper-stand,1,iFSQ-RL
39,6888,210000,0,186.31434699892998,0,0,0,hopper-stand,1,iFSQ-RL
40,7060,215000,0,9.424574005603791,0,0,0,hopper-stand,1,iFSQ-RL
41,7232,220000,0,0.32711646556854246,0,0,0,hopper-stand,1,iFSQ-RL
42,7404,225000,0,2.9163819551467896,0,0,0,hopper-stand,1,iFSQ-RL
0,180,15000,0,9.598515766859055,0,0,0,hopper-stand,2,iFSQ-RL
1,352,20000,0,3.4450713872909544,0,0,0,hopper-stand,2,iFSQ-RL
2,524,25000,0,7.343722921609879,0,0,0,hopper-stand,2,iFSQ-RL
3,696,30000,0,6.985040819644928,0,0,0,hopper-stand,2,iFSQ-RL
4,868,35000,0,3.8236980497837068,0,0,0,hopper-stand,2,iFSQ-RL
5,1040,40000,0,30.871590012311934,0,0,0,hopper-stand,2,iFSQ-RL
6,1212,45000,0,3.5998739898204803,0,0,0,hopper-stand,2,iFSQ-RL
7,1384,50000,0,109.28664384484291,0,0,0,hopper-stand,2,iFSQ-RL
8,1556,55000,0,680.7942985653877,0,0,0,hopper-stand,2,iFSQ-RL
9,1728,60000,0,608.5607952356338,0,0,0,hopper-stand,2,iFSQ-RL
10,1900,65000,0,776.9956541955471,0,0,0,hopper-stand,2,iFSQ-RL
11,2072,70000,0,870.7780825793743,0,0,0,hopper-stand,2,iFSQ-RL
12,2244,75000,0,741.7717770338058,0,0,0,hopper-stand,2,iFSQ-RL
13,2416,80000,0,532.0701050400734,0,0,0,hopper-stand,2,iFSQ-RL
14,2588,85000,0,794.1469671845437,0,0,0,hopper-stand,2,iFSQ-RL
15,2760,90000,0,550.4160502254963,0,0,0,hopper-stand,2,iFSQ-RL
16,2932,95000,0,835.2419289469719,0,0,0,hopper-stand,2,iFSQ-RL
17,3104,100000,0,856.5187243402004,0,0,0,hopper-stand,2,iFSQ-RL
18,3276,105000,0,663.3019625782966,0,0,0,hopper-stand,2,iFSQ-RL
19,3448,110000,0,632.0277880132198,0,0,0,hopper-stand,2,iFSQ-RL
20,3620,115000,0,908.4822767913341,0,0,0,hopper-stand,2,iFSQ-RL
21,3792,120000,0,911.8202213823795,0,0,0,hopper-stand,2,iFSQ-RL
22,3964,125000,0,902.0645082175731,0,0,0,hopper-stand,2,iFSQ-RL
23,4136,130000,0,474.4016053438187,0,0,0,hopper-stand,2,iFSQ-RL
24,4308,135000,0,930.4693131446838,0,0,0,hopper-stand,2,iFSQ-RL
25,4480,140000,0,896.8375978589058,0,0,0,hopper-stand,2,iFSQ-RL
26,4652,145000,0,921.50348700881,0,0,0,hopper-stand,2,iFSQ-RL
27,4824,150000,0,902.1152922153473,0,0,0,hopper-stand,2,iFSQ-RL
28,4996,155000,0,901.7697959423065,0,0,0,hopper-stand,2,iFSQ-RL
29,5168,160000,0,885.8394110262394,0,0,0,hopper-stand,2,iFSQ-RL
30,5340,165000,0,902.5941342651844,0,0,0,hopper-stand,2,iFSQ-RL
31,5512,170000,0,896.8435287714004,0,0,0,hopper-stand,2,iFSQ-RL
32,5684,175000,0,907.8349900484085,0,0,0,hopper-stand,2,iFSQ-RL
33,5856,180000,0,878.4897136747837,0,0,0,hopper-stand,2,iFSQ-RL
34,6028,185000,0,882.4608664870262,0,0,0,hopper-stand,2,iFSQ-RL
35,6200,190000,0,925.2172005653381,0,0,0,hopper-stand,2,iFSQ-RL
36,6372,195000,0,879.5773948192597,0,0,0,hopper-stand,2,iFSQ-RL
37,6544,200000,0,911.2321750164032,0,0,0,hopper-stand,2,iFSQ-RL
38,6716,205000,0,915.5533981025219,0,0,0,hopper-stand,2,iFSQ-RL
39,6888,210000,0,927.8235887944699,0,0,0,hopper-stand,2,iFSQ-RL
40,7060,215000,0,927.3687189638615,0,0,0,hopper-stand,2,iFSQ-RL
41,7232,220000,0,936.1264117538929,0,0,0,hopper-stand,2,iFSQ-RL
42,7404,225000,0,944.7590847671032,0,0,0,hopper-stand,2,iFSQ-RL
43,7576,230000,0,828.2466398179531,0,0,0,hopper-stand,2,iFSQ-RL
0,180,15000,0,0.8800048589706421,0,0,0,hopper-stand,3,iFSQ-RL
1,352,20000,0,0.48000177145004275,0,0,0,hopper-stand,3,iFSQ-RL
2,524,25000,0,0.5619890809059143,0,0,0,hopper-stand,3,iFSQ-RL
3,696,30000,0,1.2497972428798676,0,0,0,hopper-stand,3,iFSQ-RL
4,868,35000,0,2.0839684307575226,0,0,0,hopper-stand,3,iFSQ-RL
5,1040,40000,0,3.984772628545761,0,0,0,hopper-stand,3,iFSQ-RL
6,1212,45000,0,0.8887577772140502,0,0,0,hopper-stand,3,iFSQ-RL
7,1384,50000,0,0.08111559748649597,0,0,0,hopper-stand,3,iFSQ-RL
8,1556,55000,0,1.578900122642517,0,0,0,hopper-stand,3,iFSQ-RL
9,1728,60000,0,6.966527992486954,0,0,0,hopper-stand,3,iFSQ-RL
10,1900,65000,0,6.160030025243759,0,0,0,hopper-stand,3,iFSQ-RL
11,2072,70000,0,4.333081859350204,0,0,0,hopper-stand,3,iFSQ-RL
12,2244,75000,0,1.849343740940094,0,0,0,hopper-stand,3,iFSQ-RL
13,2416,80000,0,3.9271000027656555,0,0,0,hopper-stand,3,iFSQ-RL
14,2588,85000,0,5.545151591300964,0,0,0,hopper-stand,3,iFSQ-RL
15,2760,90000,0,6.841048127412796,0,0,0,hopper-stand,3,iFSQ-RL
16,2932,95000,0,16.265958774089814,0,0,0,hopper-stand,3,iFSQ-RL
17,3104,100000,0,8.535582756996154,0,0,0,hopper-stand,3,iFSQ-RL
18,3276,105000,0,12.938109874725342,0,0,0,hopper-stand,3,iFSQ-RL
19,3448,110000,0,161.05084656476976,0,0,0,hopper-stand,3,iFSQ-RL
20,3620,115000,0,114.10716148614884,0,0,0,hopper-stand,3,iFSQ-RL
21,3792,120000,0,101.95480707287788,0,0,0,hopper-stand,3,iFSQ-RL
22,3964,125000,0,8.05438756942749,0,0,0,hopper-stand,3,iFSQ-RL
23,4136,130000,0,1.2725534975528716,0,0,0,hopper-stand,3,iFSQ-RL
24,4308,135000,0,91.34149839282036,0,0,0,hopper-stand,3,iFSQ-RL
25,4480,140000,0,479.1372970104218,0,0,0,hopper-stand,3,iFSQ-RL
26,4652,145000,0,29.503171449899675,0,0,0,hopper-stand,3,iFSQ-RL
27,4824,150000,0,30.161682146787644,0,0,0,hopper-stand,3,iFSQ-RL
28,4996,155000,0,15.610725408792495,0,0,0,hopper-stand,3,iFSQ-RL
29,5168,160000,0,250.26428334116935,0,0,0,hopper-stand,3,iFSQ-RL
30,5340,165000,0,168.36769006848334,0,0,0,hopper-stand,3,iFSQ-RL
31,5512,170000,0,238.27628209590912,0,0,0,hopper-stand,3,iFSQ-RL
32,5684,175000,0,242.4391104221344,0,0,0,hopper-stand,3,iFSQ-RL
33,5856,180000,0,401.93127903938296,0,0,0,hopper-stand,3,iFSQ-RL
34,6028,185000,0,405.7643966794014,0,0,0,hopper-stand,3,iFSQ-RL
35,6200,190000,0,410.92620047330854,0,0,0,hopper-stand,3,iFSQ-RL
36,6372,195000,0,1.7498740553855896,0,0,0,hopper-stand,3,iFSQ-RL
37,6544,200000,0,80.97141444683075,0,0,0,hopper-stand,3,iFSQ-RL
38,6716,205000,0,571.2574859023094,0,0,0,hopper-stand,3,iFSQ-RL
39,6888,210000,0,407.94537125229834,0,0,0,hopper-stand,3,iFSQ-RL
40,7060,215000,0,264.0147453546524,0,0,0,hopper-stand,3,iFSQ-RL
41,7232,220000,0,327.60447778105737,0,0,0,hopper-stand,3,iFSQ-RL
0,180,15000,0,5.2336085677146915,0,0,0,hopper-stand,4,iFSQ-RL
1,352,20000,0,4.4702487826347355,0,0,0,hopper-stand,4,iFSQ-RL
2,524,25000,0,6.790847915410995,0,0,0,hopper-stand,4,iFSQ-RL
3,696,30000,0,9.214408361911774,0,0,0,hopper-stand,4,iFSQ-RL
4,868,35000,0,0.9294903337955475,0,0,0,hopper-stand,4,iFSQ-RL
5,1040,40000,0,17.683323395252227,0,0,0,hopper-stand,4,iFSQ-RL
6,1212,45000,0,6.272871136665344,0,0,0,hopper-stand,4,iFSQ-RL
7,1384,50000,0,120.28220742344857,0,0,0,hopper-stand,4,iFSQ-RL
8,1556,55000,0,6.722441256046295,0,0,0,hopper-stand,4,iFSQ-RL
9,1728,60000,0,152.72453150749206,0,0,0,hopper-stand,4,iFSQ-RL
10,1900,65000,0,535.3386269569397,0,0,0,hopper-stand,4,iFSQ-RL
11,2072,70000,0,71.34881842136383,0,0,0,hopper-stand,4,iFSQ-RL
12,2244,75000,0,454.3684782445431,0,0,0,hopper-stand,4,iFSQ-RL
13,2416,80000,0,183.58946672081947,0,0,0,hopper-stand,4,iFSQ-RL
14,2588,85000,0,456.2219292998314,0,0,0,hopper-stand,4,iFSQ-RL
15,2760,90000,0,452.28062133193015,0,0,0,hopper-stand,4,iFSQ-RL
16,2932,95000,0,0.5760297358036042,0,0,0,hopper-stand,4,iFSQ-RL
17,3104,100000,0,273.32248536348345,0,0,0,hopper-stand,4,iFSQ-RL
18,3276,105000,0,182.26741859912872,0,0,0,hopper-stand,4,iFSQ-RL
19,3448,110000,0,540.1033725619316,0,0,0,hopper-stand,4,iFSQ-RL
20,3620,115000,0,198.29395694732665,0,0,0,hopper-stand,4,iFSQ-RL
21,3792,120000,0,350.0893481850624,0,0,0,hopper-stand,4,iFSQ-RL
22,3964,125000,0,284.0836532711983,0,0,0,hopper-stand,4,iFSQ-RL
23,4136,130000,0,202.6742052555084,0,0,0,hopper-stand,4,iFSQ-RL
24,4308,135000,0,560.7044867038727,0,0,0,hopper-stand,4,iFSQ-RL
25,4480,140000,0,188.28449262976648,0,0,0,hopper-stand,4,iFSQ-RL
26,4652,145000,0,10.372544091939925,0,0,0,hopper-stand,4,iFSQ-RL
27,4824,150000,0,108.49016813039779,0,0,0,hopper-stand,4,iFSQ-RL
28,4996,155000,0,21.458610183000566,0,0,0,hopper-stand,4,iFSQ-RL
29,5168,160000,0,96.48545598983765,0,0,0,hopper-stand,4,iFSQ-RL
30,5340,165000,0,360.2648572921753,0,0,0,hopper-stand,4,iFSQ-RL
31,5512,170000,0,183.93117214441298,0,0,0,hopper-stand,4,iFSQ-RL
32,5684,175000,0,295.28382002711294,0,0,0,hopper-stand,4,iFSQ-RL
33,5856,180000,0,261.52249163389206,0,0,0,hopper-stand,4,iFSQ-RL
34,6028,185000,0,348.4667622387409,0,0,0,hopper-stand,4,iFSQ-RL
35,6200,190000,0,177.40097611546517,0,0,0,hopper-stand,4,iFSQ-RL
36,6372,195000,0,360.940076816082,0,0,0,hopper-stand,4,iFSQ-RL
37,6544,200000,0,362.3343564689159,0,0,0,hopper-stand,4,iFSQ-RL
38,6716,205000,0,673.7134578704834,0,0,0,hopper-stand,4,iFSQ-RL
39,6888,210000,0,374.16224420666697,0,0,0,hopper-stand,4,iFSQ-RL
40,7060,215000,0,290.4542847275734,0,0,0,hopper-stand,4,iFSQ-RL
41,7232,220000,0,376.4338920772076,0,0,0,hopper-stand,4,iFSQ-RL
42,7404,225000,0,467.90301349163053,0,0,0,hopper-stand,4,iFSQ-RL
0,180,15000,0,0.24207535982131959,0,0,0,hopper-stand,5,iFSQ-RL
1,352,20000,0,3.360013943910599,0,0,0,hopper-stand,5,iFSQ-RL
2,524,25000,0,0.48052387237548827,0,0,0,hopper-stand,5,iFSQ-RL
3,696,30000,0,1.440001094341278,0,0,0,hopper-stand,5,iFSQ-RL
4,868,35000,0,0.8800001978874207,0,0,0,hopper-stand,5,iFSQ-RL
5,1040,40000,0,0.5600005447864532,0,0,0,hopper-stand,5,iFSQ-RL
6,1212,45000,0,1.4405051708221435,0,0,0,hopper-stand,5,iFSQ-RL
7,1384,50000,0,4.414733225107193,0,0,0,hopper-stand,5,iFSQ-RL
8,1556,55000,0,5.70410093665123,0,0,0,hopper-stand,5,iFSQ-RL
9,1728,60000,0,2.845222771167755,0,0,0,hopper-stand,5,iFSQ-RL
10,1900,65000,0,4.4929829120635985,0,0,0,hopper-stand,5,iFSQ-RL
11,2072,70000,0,0.9146138548851013,0,0,0,hopper-stand,5,iFSQ-RL
12,2244,75000,0,3.0623995900154113,0,0,0,hopper-stand,5,iFSQ-RL
13,2416,80000,0,6.1016490995883945,0,0,0,hopper-stand,5,iFSQ-RL
14,2588,85000,0,10.178633719682693,0,0,0,hopper-stand,5,iFSQ-RL
15,2760,90000,0,8.871256369352341,0,0,0,hopper-stand,5,iFSQ-RL
16,2932,95000,0,3.3772424936294554,0,0,0,hopper-stand,5,iFSQ-RL
17,3104,100000,0,7.696556270122528,0,0,0,hopper-stand,5,iFSQ-RL
18,3276,105000,0,7.567131531238556,0,0,0,hopper-stand,5,iFSQ-RL
19,3448,110000,0,7.795061349868774,0,0,0,hopper-stand,5,iFSQ-RL
20,3620,115000,0,5.528999382257462,0,0,0,hopper-stand,5,iFSQ-RL
21,3792,120000,0,8.720002323389053,0,0,0,hopper-stand,5,iFSQ-RL
22,3964,125000,0,2.321348565816879,0,0,0,hopper-stand,5,iFSQ-RL
23,4136,130000,0,1.6861196756362915,0,0,0,hopper-stand,5,iFSQ-RL
24,4308,135000,0,2.9088487923145294,0,0,0,hopper-stand,5,iFSQ-RL
25,4480,140000,0,6.9804890871047975,0,0,0,hopper-stand,5,iFSQ-RL
26,4652,145000,0,6.617899000644684,0,0,0,hopper-stand,5,iFSQ-RL
27,4824,150000,0,3.3689598023891447,0,0,0,hopper-stand,5,iFSQ-RL
28,4996,155000,0,13.743736845254897,0,0,0,hopper-stand,5,iFSQ-RL
29,5168,160000,0,6.262043750286102,0,0,0,hopper-stand,5,iFSQ-RL
30,5340,165000,0,1.0632148861885071,0,0,0,hopper-stand,5,iFSQ-RL
31,5512,170000,0,23.95147317647934,0,0,0,hopper-stand,5,iFSQ-RL
32,5684,175000,0,11.281317210197448,0,0,0,hopper-stand,5,iFSQ-RL
33,5856,180000,0,44.34275653362274,0,0,0,hopper-stand,5,iFSQ-RL
34,6028,185000,0,2.8035944759845735,0,0,0,hopper-stand,5,iFSQ-RL
35,6200,190000,0,75.79391553997993,0,0,0,hopper-stand,5,iFSQ-RL
36,6372,195000,0,136.34173810482025,0,0,0,hopper-stand,5,iFSQ-RL
37,6544,200000,0,104.92167932391166,0,0,0,hopper-stand,5,iFSQ-RL
38,6716,205000,0,40.96048974990845,0,0,0,hopper-stand,5,iFSQ-RL
39,6888,210000,0,25.881013804674147,0,0,0,hopper-stand,5,iFSQ-RL
40,7060,215000,0,126.5929406940937,0,0,0,hopper-stand,5,iFSQ-RL
0,180,15000,0,59.72987271348247,0,0,0,quadruped-run,1,iFSQ-RL+rec
1,352,20000,0,48.46803863690619,0,0,0,quadruped-run,1,iFSQ-RL+rec
2,524,25000,0,32.46085432937434,0,0,0,quadruped-run,1,iFSQ-RL+rec
3,696,30000,0,108.03551979974581,0,0,0,quadruped-run,1,iFSQ-RL+rec
4,868,35000,0,36.76037507098099,0,0,0,quadruped-run,1,iFSQ-RL+rec
5,1040,40000,0,103.0646785306498,0,0,0,quadruped-run,1,iFSQ-RL+rec
6,1212,45000,0,26.612090201648424,0,0,0,quadruped-run,1,iFSQ-RL+rec
7,1384,50000,0,55.40241303692928,0,0,0,quadruped-run,1,iFSQ-RL+rec
8,1556,55000,0,97.10818299688371,0,0,0,quadruped-run,1,iFSQ-RL+rec
9,1728,60000,0,37.42237452637928,0,0,0,quadruped-run,1,iFSQ-RL+rec
10,1900,65000,0,70.917078134626,0,0,0,quadruped-run,1,iFSQ-RL+rec
11,2072,70000,0,137.87749106258997,0,0,0,quadruped-run,1,iFSQ-RL+rec
12,2244,75000,0,19.916927124488573,0,0,0,quadruped-run,1,iFSQ-RL+rec
13,2416,80000,0,72.18767852621605,0,0,0,quadruped-run,1,iFSQ-RL+rec
0,180,15000,0,38.06067631885817,0,0,0,quadruped-run,2,iFSQ-RL+rec
1,352,20000,0,159.54968044611533,0,0,0,quadruped-run,2,iFSQ-RL+rec
2,524,25000,0,22.437082232454124,0,0,0,quadruped-run,2,iFSQ-RL+rec
3,696,30000,0,162.24339482946033,0,0,0,quadruped-run,2,iFSQ-RL+rec
4,868,35000,0,65.83506827663332,0,0,0,quadruped-run,2,iFSQ-RL+rec
5,1040,40000,0,92.74144003426154,0,0,0,quadruped-run,2,iFSQ-RL+rec
6,1212,45000,0,72.01094312373088,0,0,0,quadruped-run,2,iFSQ-RL+rec
7,1384,50000,0,71.04281397077429,0,0,0,quadruped-run,2,iFSQ-RL+rec
8,1556,55000,0,110.9346481526367,0,0,0,quadruped-run,2,iFSQ-RL+rec
9,1728,60000,0,188.82090226530562,0,0,0,quadruped-run,2,iFSQ-RL+rec
10,1900,65000,0,85.54375740448049,0,0,0,quadruped-run,2,iFSQ-RL+rec
11,2072,70000,0,217.12329472556885,0,0,0,quadruped-run,2,iFSQ-RL+rec
12,2244,75000,0,208.7795983473483,0,0,0,quadruped-run,2,iFSQ-RL+rec
13,2416,80000,0,221.11684432930707,0,0,0,quadruped-run,2,iFSQ-RL+rec
14,2588,85000,0,109.25793284259998,0,0,0,quadruped-run,2,iFSQ-RL+rec
0,180,15000,0,51.47650103117339,0,0,0,quadruped-run,3,iFSQ-RL+rec
1,352,20000,0,20.251017335630422,0,0,0,quadruped-run,3,iFSQ-RL+rec
2,524,25000,0,44.960198461522666,0,0,0,quadruped-run,3,iFSQ-RL+rec
3,696,30000,0,94.48146551599784,0,0,0,quadruped-run,3,iFSQ-RL+rec
4,868,35000,0,78.34435515218938,0,0,0,quadruped-run,3,iFSQ-RL+rec
5,1040,40000,0,65.17750173410677,0,0,0,quadruped-run,3,iFSQ-RL+rec
6,1212,45000,0,52.48872190111579,0,0,0,quadruped-run,3,iFSQ-RL+rec
7,1384,50000,0,100.16234475010432,0,0,0,quadruped-run,3,iFSQ-RL+rec
8,1556,55000,0,142.53514034699475,0,0,0,quadruped-run,3,iFSQ-RL+rec
9,1728,60000,0,138.5609986248972,0,0,0,quadruped-run,3,iFSQ-RL+rec
10,1900,65000,0,178.25815091104886,0,0,0,quadruped-run,3,iFSQ-RL+rec
11,2072,70000,0,143.08184652646452,0,0,0,quadruped-run,3,iFSQ-RL+rec
12,2244,75000,0,199.04726256423746,0,0,0,quadruped-run,3,iFSQ-RL+rec
13,2416,80000,0,170.1535559817574,0,0,0,quadruped-run,3,iFSQ-RL+rec
0,180,15000,0,10.38442685190439,0,0,0,quadruped-run,4,iFSQ-RL+rec
1,352,20000,0,61.429775598440756,0,0,0,quadruped-run,4,iFSQ-RL+rec
2,524,25000,0,78.16911668297944,0,0,0,quadruped-run,4,iFSQ-RL+rec
3,696,30000,0,48.357951652942575,0,0,0,quadruped-run,4,iFSQ-RL+rec
4,868,35000,0,49.206203547702174,0,0,0,quadruped-run,4,iFSQ-RL+rec
5,1040,40000,0,81.40706334921397,0,0,0,quadruped-run,4,iFSQ-RL+rec
6,1212,45000,0,98.33969277289206,0,0,0,quadruped-run,4,iFSQ-RL+rec
7,1384,50000,0,169.26832972644405,0,0,0,quadruped-run,4,iFSQ-RL+rec
8,1556,55000,0,205.58007843027445,0,0,0,quadruped-run,4,iFSQ-RL+rec
9,1728,60000,0,140.37097027975923,0,0,0,quadruped-run,4,iFSQ-RL+rec
10,1900,65000,0,171.8233105748368,0,0,0,quadruped-run,4,iFSQ-RL+rec
11,2072,70000,0,334.1542852293263,0,0,0,quadruped-run,4,iFSQ-RL+rec
12,2244,75000,0,370.1537282721518,0,0,0,quadruped-run,4,iFSQ-RL+rec
13,2416,80000,0,298.00815611026485,0,0,0,quadruped-run,4,iFSQ-RL+rec
14,2588,85000,0,417.1021937285979,0,0,0,quadruped-run,4,iFSQ-RL+rec
0,180,15000,0,19.592993656292766,0,0,0,quadruped-run,5,iFSQ-RL+rec
1,352,20000,0,28.80089620036597,0,0,0,quadruped-run,5,iFSQ-RL+rec
2,524,25000,0,24.90775613745209,0,0,0,quadruped-run,5,iFSQ-RL+rec
3,696,30000,0,55.01054451656091,0,0,0,quadruped-run,5,iFSQ-RL+rec
4,868,35000,0,43.565291015923684,0,0,0,quadruped-run,5,iFSQ-RL+rec
5,1040,40000,0,146.3846392287936,0,0,0,quadruped-run,5,iFSQ-RL+rec
6,1212,45000,0,55.89970287790877,0,0,0,quadruped-run,5,iFSQ-RL+rec
7,1384,50000,0,27.368255890787985,0,0,0,quadruped-run,5,iFSQ-RL+rec
8,1556,55000,0,30.34305650990682,0,0,0,quadruped-run,5,iFSQ-RL+rec
9,1728,60000,0,114.9901038915461,0,0,0,quadruped-run,5,iFSQ-RL+rec
10,1900,65000,0,120.74927505607812,0,0,0,quadruped-run,5,iFSQ-RL+rec
11,2072,70000,0,79.55584022422264,0,0,0,quadruped-run,5,iFSQ-RL+rec
12,2244,75000,0,112.19011631771082,0,0,0,quadruped-run,5,iFSQ-RL+rec
13,2416,80000,0,92.57501288126987,0,0,0,quadruped-run,5,iFSQ-RL+rec
0,180,15000,0,72.1462894861761,0,0,0,quadruped-run,1,iFSQ-RL
1,352,20000,0,133.6673787868509,0,0,0,quadruped-run,1,iFSQ-RL
2,524,25000,0,106.56399102697614,0,0,0,quadruped-run,1,iFSQ-RL
3,696,30000,0,74.14519419537392,0,0,0,quadruped-run,1,iFSQ-RL
4,868,35000,0,118.44066683156416,0,0,0,quadruped-run,1,iFSQ-RL
5,1040,40000,0,160.86564211785443,0,0,0,quadruped-run,1,iFSQ-RL
6,1212,45000,0,30.525542191817657,0,0,0,quadruped-run,1,iFSQ-RL
7,1384,50000,0,237.25425468208124,0,0,0,quadruped-run,1,iFSQ-RL
8,1556,55000,0,115.51623504338787,0,0,0,quadruped-run,1,iFSQ-RL
9,1728,60000,0,125.61540255312575,0,0,0,quadruped-run,1,iFSQ-RL
10,1900,65000,0,144.09188040621228,0,0,0,quadruped-run,1,iFSQ-RL
11,2072,70000,0,146.1660148781346,0,0,0,quadruped-run,1,iFSQ-RL
12,2244,75000,0,34.71944660114241,0,0,0,quadruped-run,1,iFSQ-RL
13,2416,80000,0,168.1778995754168,0,0,0,quadruped-run,1,iFSQ-RL
14,2588,85000,0,81.15845719102072,0,0,0,quadruped-run,1,iFSQ-RL
15,2760,90000,0,164.62279170569383,0,0,0,quadruped-run,1,iFSQ-RL
16,2932,95000,0,294.2710230751709,0,0,0,quadruped-run,1,iFSQ-RL
17,3104,100000,0,151.86797146594034,0,0,0,quadruped-run,1,iFSQ-RL
18,3276,105000,0,256.7002269510689,0,0,0,quadruped-run,1,iFSQ-RL
19,3448,110000,0,154.36711233650567,0,0,0,quadruped-run,1,iFSQ-RL
20,3620,115000,0,127.5857342655072,0,0,0,quadruped-run,1,iFSQ-RL
21,3792,120000,0,181.46778631824708,0,0,0,quadruped-run,1,iFSQ-RL
22,3964,125000,0,175.36060269588634,0,0,0,quadruped-run,1,iFSQ-RL
23,4136,130000,0,286.24587442762277,0,0,0,quadruped-run,1,iFSQ-RL
24,4308,135000,0,145.20080325661692,0,0,0,quadruped-run,1,iFSQ-RL
25,4480,140000,0,176.30535596074697,0,0,0,quadruped-run,1,iFSQ-RL
26,4652,145000,0,231.1436613039579,0,0,0,quadruped-run,1,iFSQ-RL
27,4824,150000,0,251.34457705028325,0,0,0,quadruped-run,1,iFSQ-RL
28,4996,155000,0,243.88954910476605,0,0,0,quadruped-run,1,iFSQ-RL
29,5168,160000,0,206.63202831436647,0,0,0,quadruped-run,1,iFSQ-RL
30,5340,165000,0,252.96608965938213,0,0,0,quadruped-run,1,iFSQ-RL
31,5512,170000,0,331.866812696224,0,0,0,quadruped-run,1,iFSQ-RL
32,5684,175000,0,259.3788662981824,0,0,0,quadruped-run,1,iFSQ-RL
33,5856,180000,0,475.6535822681966,0,0,0,quadruped-run,1,iFSQ-RL
34,6028,185000,0,408.77185485092923,0,0,0,quadruped-run,1,iFSQ-RL
35,6200,190000,0,413.1433918126073,0,0,0,quadruped-run,1,iFSQ-RL
36,6372,195000,0,376.6427320105955,0,0,0,quadruped-run,1,iFSQ-RL
37,6544,200000,0,439.28074000821215,0,0,0,quadruped-run,1,iFSQ-RL
38,6716,205000,0,446.4945746633457,0,0,0,quadruped-run,1,iFSQ-RL
0,180,15000,0,81.67435514752287,0,0,0,quadruped-run,2,iFSQ-RL
1,352,20000,0,159.3947859803273,0,0,0,quadruped-run,2,iFSQ-RL
2,524,25000,0,44.74555223635616,0,0,0,quadruped-run,2,iFSQ-RL
3,696,30000,0,64.57088494325725,0,0,0,quadruped-run,2,iFSQ-RL
4,868,35000,0,112.13567842921184,0,0,0,quadruped-run,2,iFSQ-RL
5,1040,40000,0,43.51437960431228,0,0,0,quadruped-run,2,iFSQ-RL
6,1212,45000,0,56.18748011298085,0,0,0,quadruped-run,2,iFSQ-RL
7,1384,50000,0,141.0725209642654,0,0,0,quadruped-run,2,iFSQ-RL
8,1556,55000,0,60.6443942505648,0,0,0,quadruped-run,2,iFSQ-RL
9,1728,60000,0,192.24950692981866,0,0,0,quadruped-run,2,iFSQ-RL
10,1900,65000,0,100.12780573188647,0,0,0,quadruped-run,2,iFSQ-RL
11,2072,70000,0,132.2141392047535,0,0,0,quadruped-run,2,iFSQ-RL
12,2244,75000,0,19.549062628853143,0,0,0,quadruped-run,2,iFSQ-RL
13,2416,80000,0,163.1436727344963,0,0,0,quadruped-run,2,iFSQ-RL
14,2588,85000,0,121.27488616504706,0,0,0,quadruped-run,2,iFSQ-RL
15,2760,90000,0,313.3906849619234,0,0,0,quadruped-run,2,iFSQ-RL
16,2932,95000,0,141.48804220030723,0,0,0,quadruped-run,2,iFSQ-RL
17,3104,100000,0,202.64860189247702,0,0,0,quadruped-run,2,iFSQ-RL
18,3276,105000,0,220.54200998541938,0,0,0,quadruped-run,2,iFSQ-RL
19,3448,110000,0,263.361104296516,0,0,0,quadruped-run,2,iFSQ-RL
20,3620,115000,0,263.0719355006557,0,0,0,quadruped-run,2,iFSQ-RL
21,3792,120000,0,243.48367813254373,0,0,0,quadruped-run,2,iFSQ-RL
22,3964,125000,0,113.31816518726774,0,0,0,quadruped-run,2,iFSQ-RL
23,4136,130000,0,170.92483650204275,0,0,0,quadruped-run,2,iFSQ-RL
24,4308,135000,0,177.31552051334148,0,0,0,quadruped-run,2,iFSQ-RL
25,4480,140000,0,320.10649023078366,0,0,0,quadruped-run,2,iFSQ-RL
26,4652,145000,0,347.9614462773781,0,0,0,quadruped-run,2,iFSQ-RL
27,4824,150000,0,288.17113483315336,0,0,0,quadruped-run,2,iFSQ-RL
28,4996,155000,0,349.08236649583415,0,0,0,quadruped-run,2,iFSQ-RL
29,5168,160000,0,208.9103929751349,0,0,0,quadruped-run,2,iFSQ-RL
30,5340,165000,0,151.3299733693977,0,0,0,quadruped-run,2,iFSQ-RL
31,5512,170000,0,448.5481982897036,0,0,0,quadruped-run,2,iFSQ-RL
32,5684,175000,0,450.3275563144838,0,0,0,quadruped-run,2,iFSQ-RL
33,5856,180000,0,235.12322383716236,0,0,0,quadruped-run,2,iFSQ-RL
34,6028,185000,0,247.18558427913376,0,0,0,quadruped-run,2,iFSQ-RL
35,6200,190000,0,436.6019190505438,0,0,0,quadruped-run,2,iFSQ-RL
36,6372,195000,0,323.5543060800061,0,0,0,quadruped-run,2,iFSQ-RL
37,6544,200000,0,456.96939979690217,0,0,0,quadruped-run,2,iFSQ-RL
38,6716,205000,0,296.7745728016016,0,0,0,quadruped-run,2,iFSQ-RL
39,6888,210000,0,440.53386993997265,0,0,0,quadruped-run,2,iFSQ-RL
0,180,15000,0,17.338956010596355,0,0,0,quadruped-run,3,iFSQ-RL
1,352,20000,0,91.90859374131105,0,0,0,quadruped-run,3,iFSQ-RL
2,524,25000,0,35.97550649542245,0,0,0,quadruped-run,3,iFSQ-RL
3,696,30000,0,105.56181671607119,0,0,0,quadruped-run,3,iFSQ-RL
4,868,35000,0,183.5601462857823,0,0,0,quadruped-run,3,iFSQ-RL
5,1040,40000,0,20.400840749847703,0,0,0,quadruped-run,3,iFSQ-RL
6,1212,45000,0,39.6677164711291,0,0,0,quadruped-run,3,iFSQ-RL
7,1384,50000,0,93.39895938888858,0,0,0,quadruped-run,3,iFSQ-RL
8,1556,55000,0,100.1009377708131,0,0,0,quadruped-run,3,iFSQ-RL
9,1728,60000,0,145.7889802291542,0,0,0,quadruped-run,3,iFSQ-RL
10,1900,65000,0,61.69742717886693,0,0,0,quadruped-run,3,iFSQ-RL
11,2072,70000,0,72.6223701335708,0,0,0,quadruped-run,3,iFSQ-RL
12,2244,75000,0,133.2450099153444,0,0,0,quadruped-run,3,iFSQ-RL
13,2416,80000,0,174.57855022022122,0,0,0,quadruped-run,3,iFSQ-RL
14,2588,85000,0,187.2598358669464,0,0,0,quadruped-run,3,iFSQ-RL
15,2760,90000,0,165.46691703746856,0,0,0,quadruped-run,3,iFSQ-RL
16,2932,95000,0,226.6090317016613,0,0,0,quadruped-run,3,iFSQ-RL
17,3104,100000,0,100.04965826381468,0,0,0,quadruped-run,3,iFSQ-RL
18,3276,105000,0,223.6716610149946,0,0,0,quadruped-run,3,iFSQ-RL
19,3448,110000,0,232.27693331430675,0,0,0,quadruped-run,3,iFSQ-RL
20,3620,115000,0,48.6694591447584,0,0,0,quadruped-run,3,iFSQ-RL
21,3792,120000,0,292.3433112825658,0,0,0,quadruped-run,3,iFSQ-RL
22,3964,125000,0,254.3549669377695,0,0,0,quadruped-run,3,iFSQ-RL
23,4136,130000,0,229.43384660791634,0,0,0,quadruped-run,3,iFSQ-RL
24,4308,135000,0,394.35279058054437,0,0,0,quadruped-run,3,iFSQ-RL
25,4480,140000,0,463.87672351234653,0,0,0,quadruped-run,3,iFSQ-RL
26,4652,145000,0,217.66480179416232,0,0,0,quadruped-run,3,iFSQ-RL
27,4824,150000,0,392.75098522170373,0,0,0,quadruped-run,3,iFSQ-RL
28,4996,155000,0,469.07587896389595,0,0,0,quadruped-run,3,iFSQ-RL
29,5168,160000,0,449.8619267180722,0,0,0,quadruped-run,3,iFSQ-RL
30,5340,165000,0,463.72616256161126,0,0,0,quadruped-run,3,iFSQ-RL
31,5512,170000,0,259.8894996173216,0,0,0,quadruped-run,3,iFSQ-RL
32,5684,175000,0,170.6258726880571,0,0,0,quadruped-run,3,iFSQ-RL
33,5856,180000,0,472.20864268246225,0,0,0,quadruped-run,3,iFSQ-RL
34,6028,185000,0,465.16991782903716,0,0,0,quadruped-run,3,iFSQ-RL
35,6200,190000,0,472.8465000706536,0,0,0,quadruped-run,3,iFSQ-RL
36,6372,195000,0,490.5010864207085,0,0,0,quadruped-run,3,iFSQ-RL
37,6544,200000,0,446.02189867840497,0,0,0,quadruped-run,3,iFSQ-RL
38,6716,205000,0,482.96441166427684,0,0,0,quadruped-run,3,iFSQ-RL
39,6888,210000,0,472.37070690841847,0,0,0,quadruped-run,3,iFSQ-RL
40,7060,215000,0,444.07492577692466,0,0,0,quadruped-run,3,iFSQ-RL
41,7232,220000,0,255.3383607395287,0,0,0,quadruped-run,3,iFSQ-RL
42,7404,225000,0,472.49197746459396,0,0,0,quadruped-run,3,iFSQ-RL
43,7576,230000,0,450.6487296002786,0,0,0,quadruped-run,3,iFSQ-RL
44,7748,235000,0,413.4524613167596,0,0,0,quadruped-run,3,iFSQ-RL
0,180,15000,0,7.584498558238693,0,0,0,quadruped-run,4,iFSQ-RL
1,352,20000,0,96.65549357846912,0,0,0,quadruped-run,4,iFSQ-RL
2,524,25000,0,61.998382432674404,0,0,0,quadruped-run,4,iFSQ-RL
3,696,30000,0,112.73270731612138,0,0,0,quadruped-run,4,iFSQ-RL
4,868,35000,0,42.845276044970525,0,0,0,quadruped-run,4,iFSQ-RL
5,1040,40000,0,67.74508027754545,0,0,0,quadruped-run,4,iFSQ-RL
6,1212,45000,0,174.3589018789815,0,0,0,quadruped-run,4,iFSQ-RL
7,1384,50000,0,168.2910746167763,0,0,0,quadruped-run,4,iFSQ-RL
8,1556,55000,0,215.58372754938992,0,0,0,quadruped-run,4,iFSQ-RL
9,1728,60000,0,136.16237693577713,0,0,0,quadruped-run,4,iFSQ-RL
10,1900,65000,0,77.74385562661773,0,0,0,quadruped-run,4,iFSQ-RL
11,2072,70000,0,203.535321407218,0,0,0,quadruped-run,4,iFSQ-RL
12,2244,75000,0,237.43353700528388,0,0,0,quadruped-run,4,iFSQ-RL
13,2416,80000,0,147.74641099466717,0,0,0,quadruped-run,4,iFSQ-RL
14,2588,85000,0,171.64843030414212,0,0,0,quadruped-run,4,iFSQ-RL
15,2760,90000,0,140.49903234667144,0,0,0,quadruped-run,4,iFSQ-RL
16,2932,95000,0,172.4598303877411,0,0,0,quadruped-run,4,iFSQ-RL
17,3104,100000,0,81.71539301897283,0,0,0,quadruped-run,4,iFSQ-RL
18,3276,105000,0,123.27554531077985,0,0,0,quadruped-run,4,iFSQ-RL
19,3448,110000,0,167.7825079968956,0,0,0,quadruped-run,4,iFSQ-RL
20,3620,115000,0,53.91918831648072,0,0,0,quadruped-run,4,iFSQ-RL
21,3792,120000,0,241.63791036729964,0,0,0,quadruped-run,4,iFSQ-RL
22,3964,125000,0,10.560892721859272,0,0,0,quadruped-run,4,iFSQ-RL
23,4136,130000,0,334.6290379299993,0,0,0,quadruped-run,4,iFSQ-RL
24,4308,135000,0,129.93539098239853,0,0,0,quadruped-run,4,iFSQ-RL
25,4480,140000,0,35.922042013565076,0,0,0,quadruped-run,4,iFSQ-RL
26,4652,145000,0,75.37759704957861,0,0,0,quadruped-run,4,iFSQ-RL
27,4824,150000,0,290.62795674298104,0,0,0,quadruped-run,4,iFSQ-RL
28,4996,155000,0,302.49640853083037,0,0,0,quadruped-run,4,iFSQ-RL
29,5168,160000,0,316.1199800278497,0,0,0,quadruped-run,4,iFSQ-RL
30,5340,165000,0,406.7978863482596,0,0,0,quadruped-run,4,iFSQ-RL
31,5512,170000,0,400.86986984860704,0,0,0,quadruped-run,4,iFSQ-RL
32,5684,175000,0,202.49210502974165,0,0,0,quadruped-run,4,iFSQ-RL
33,5856,180000,0,396.0860645466557,0,0,0,quadruped-run,4,iFSQ-RL
34,6028,185000,0,471.55997533662014,0,0,0,quadruped-run,4,iFSQ-RL
35,6200,190000,0,450.2036775226934,0,0,0,quadruped-run,4,iFSQ-RL
36,6372,195000,0,455.72335975458844,0,0,0,quadruped-run,4,iFSQ-RL
37,6544,200000,0,441.0756921459688,0,0,0,quadruped-run,4,iFSQ-RL
38,6716,205000,0,456.90506713160283,0,0,0,quadruped-run,4,iFSQ-RL
39,6888,210000,0,464.62163929520756,0,0,0,quadruped-run,4,iFSQ-RL
40,7060,215000,0,284.9366739045101,0,0,0,quadruped-run,4,iFSQ-RL
41,7232,220000,0,143.385936624997,0,0,0,quadruped-run,4,iFSQ-RL
42,7404,225000,0,455.6206223370391,0,0,0,quadruped-run,4,iFSQ-RL
0,180,15000,0,63.333088984689674,0,0,0,quadruped-run,5,iFSQ-RL
1,352,20000,0,109.70090967999423,0,0,0,quadruped-run,5,iFSQ-RL
2,524,25000,0,97.86311929967705,0,0,0,quadruped-run,5,iFSQ-RL
3,696,30000,0,129.78551154294982,0,0,0,quadruped-run,5,iFSQ-RL
4,868,35000,0,137.15286417426796,0,0,0,quadruped-run,5,iFSQ-RL
5,1040,40000,0,125.20157617934504,0,0,0,quadruped-run,5,iFSQ-RL
6,1212,45000,0,122.59071053301686,0,0,0,quadruped-run,5,iFSQ-RL
7,1384,50000,0,62.689524786526455,0,0,0,quadruped-run,5,iFSQ-RL
8,1556,55000,0,213.70658787256488,0,0,0,quadruped-run,5,iFSQ-RL
9,1728,60000,0,198.68524220905002,0,0,0,quadruped-run,5,iFSQ-RL
10,1900,65000,0,189.8658339628193,0,0,0,quadruped-run,5,iFSQ-RL
11,2072,70000,0,237.9033303205386,0,0,0,quadruped-run,5,iFSQ-RL
12,2244,75000,0,172.78960007875648,0,0,0,quadruped-run,5,iFSQ-RL
13,2416,80000,0,138.85852998056362,0,0,0,quadruped-run,5,iFSQ-RL
14,2588,85000,0,52.197097179475534,0,0,0,quadruped-run,5,iFSQ-RL
15,2760,90000,0,224.23709800349508,0,0,0,quadruped-run,5,iFSQ-RL
16,2932,95000,0,206.18057556118146,0,0,0,quadruped-run,5,iFSQ-RL
17,3104,100000,0,200.73872441321146,0,0,0,quadruped-run,5,iFSQ-RL
18,3276,105000,0,309.1305593550205,0,0,0,quadruped-run,5,iFSQ-RL
19,3448,110000,0,202.98357407267613,0,0,0,quadruped-run,5,iFSQ-RL
20,3620,115000,0,225.7385979200488,0,0,0,quadruped-run,5,iFSQ-RL
21,3792,120000,0,94.078654487108,0,0,0,quadruped-run,5,iFSQ-RL
22,3964,125000,0,244.26292440599354,0,0,0,quadruped-run,5,iFSQ-RL
23,4136,130000,0,311.79461049478266,0,0,0,quadruped-run,5,iFSQ-RL
24,4308,135000,0,147.470193118717,0,0,0,quadruped-run,5,iFSQ-RL
25,4480,140000,0,57.95481754929169,0,0,0,quadruped-run,5,iFSQ-RL
26,4652,145000,0,154.12900939821265,0,0,0,quadruped-run,5,iFSQ-RL
27,4824,150000,0,230.76559198489412,0,0,0,quadruped-run,5,iFSQ-RL
28,4996,155000,0,87.37698678353081,0,0,0,quadruped-run,5,iFSQ-RL
29,5168,160000,0,31.90543899789227,0,0,0,quadruped-run,5,iFSQ-RL
30,5340,165000,0,48.31388211507874,0,0,0,quadruped-run,5,iFSQ-RL
31,5512,170000,0,140.78994198698638,0,0,0,quadruped-run,5,iFSQ-RL
32,5684,175000,0,37.381990601640425,0,0,0,quadruped-run,5,iFSQ-RL
33,5856,180000,0,253.80636250165406,0,0,0,quadruped-run,5,iFSQ-RL
34,6028,185000,0,116.7066839066305,0,0,0,quadruped-run,5,iFSQ-RL
35,6200,190000,0,160.93124122111914,0,0,0,quadruped-run,5,iFSQ-RL
36,6372,195000,0,82.8273659053928,0,0,0,quadruped-run,5,iFSQ-RL
37,6544,200000,0,49.373526369767205,0,0,0,quadruped-run,5,iFSQ-RL
38,6716,205000,0,178.64672794694744,0,0,0,quadruped-run,5,iFSQ-RL
39,6888,210000,0,159.18294694385258,0,0,0,quadruped-run,5,iFSQ-RL
40,7060,215000,0,126.00364935122998,0,0,0,quadruped-run,5,iFSQ-RL
41,7232,220000,0,182.9128378540001,0,0,0,quadruped-run,5,iFSQ-RL
42,7404,225000,0,227.92542963533523,0,0,0,quadruped-run,5,iFSQ-RL
43,7576,230000,0,291.0303360759077,0,0,0,quadruped-run,5,iFSQ-RL
0,180,15000,0,50.60204197615385,0,0,0,walker-run,1,iFSQ-RL+rec
1,352,20000,0,88.29883539660368,0,0,0,walker-run,1,iFSQ-RL+rec
2,524,25000,0,96.61978890364989,0,0,0,walker-run,1,iFSQ-RL+rec
3,696,30000,0,124.52296444175299,0,0,0,walker-run,1,iFSQ-RL+rec
4,868,35000,0,141.89739277001937,0,0,0,walker-run,1,iFSQ-RL+rec
5,1040,40000,0,137.63099700394088,0,0,0,walker-run,1,iFSQ-RL+rec
6,1212,45000,0,99.25508751338347,0,0,0,walker-run,1,iFSQ-RL+rec
7,1384,50000,0,191.68199485146906,0,0,0,walker-run,1,iFSQ-RL+rec
8,1556,55000,0,225.85435145180674,0,0,0,walker-run,1,iFSQ-RL+rec
9,1728,60000,0,245.8218436078634,0,0,0,walker-run,1,iFSQ-RL+rec
10,1900,65000,0,246.389698332618,0,0,0,walker-run,1,iFSQ-RL+rec
11,2072,70000,0,299.1500154668931,0,0,0,walker-run,1,iFSQ-RL+rec
12,2244,75000,0,330.39531307981815,0,0,0,walker-run,1,iFSQ-RL+rec
13,2416,80000,0,382.20010626805015,0,0,0,walker-run,1,iFSQ-RL+rec
14,2588,85000,0,364.8195444073528,0,0,0,walker-run,1,iFSQ-RL+rec
15,2760,90000,0,410.70494508165865,0,0,0,walker-run,1,iFSQ-RL+rec
0,180,15000,0,40.88194162156433,0,0,0,walker-run,2,iFSQ-RL+rec
1,352,20000,0,63.658486512792294,0,0,0,walker-run,2,iFSQ-RL+rec
2,524,25000,0,96.01581926734653,0,0,0,walker-run,2,iFSQ-RL+rec
3,696,30000,0,121.3876171233831,0,0,0,walker-run,2,iFSQ-RL+rec
4,868,35000,0,143.39191725880374,0,0,0,walker-run,2,iFSQ-RL+rec
5,1040,40000,0,172.52738847653382,0,0,0,walker-run,2,iFSQ-RL+rec
6,1212,45000,0,174.2228759862948,0,0,0,walker-run,2,iFSQ-RL+rec
7,1384,50000,0,192.005814553448,0,0,0,walker-run,2,iFSQ-RL+rec
8,1556,55000,0,214.35197594270576,0,0,0,walker-run,2,iFSQ-RL+rec
9,1728,60000,0,239.90257907824125,0,0,0,walker-run,2,iFSQ-RL+rec
10,1900,65000,0,282.3145645464771,0,0,0,walker-run,2,iFSQ-RL+rec
11,2072,70000,0,313.4192973256111,0,0,0,walker-run,2,iFSQ-RL+rec
12,2244,75000,0,339.1039015923161,0,0,0,walker-run,2,iFSQ-RL+rec
13,2416,80000,0,339.57465577526017,0,0,0,walker-run,2,iFSQ-RL+rec
0,180,15000,0,64.9172590038972,0,0,0,walker-run,3,iFSQ-RL+rec
1,352,20000,0,60.56394295832142,0,0,0,walker-run,3,iFSQ-RL+rec
2,524,25000,0,98.37440731690731,0,0,0,walker-run,3,iFSQ-RL+rec
3,696,30000,0,119.25080776952673,0,0,0,walker-run,3,iFSQ-RL+rec
4,868,35000,0,102.95436095492914,0,0,0,walker-run,3,iFSQ-RL+rec
5,1040,40000,0,153.99343028240838,0,0,0,walker-run,3,iFSQ-RL+rec
6,1212,45000,0,129.19671843913383,0,0,0,walker-run,3,iFSQ-RL+rec
7,1384,50000,0,176.44007110567765,0,0,0,walker-run,3,iFSQ-RL+rec
8,1556,55000,0,243.64061239389702,0,0,0,walker-run,3,iFSQ-RL+rec
9,1728,60000,0,310.82244075129273,0,0,0,walker-run,3,iFSQ-RL+rec
10,1900,65000,0,345.3542059981031,0,0,0,walker-run,3,iFSQ-RL+rec
11,2072,70000,0,356.89590457484593,0,0,0,walker-run,3,iFSQ-RL+rec
12,2244,75000,0,405.2489949455485,0,0,0,walker-run,3,iFSQ-RL+rec
13,2416,80000,0,404.9464739569463,0,0,0,walker-run,3,iFSQ-RL+rec
14,2588,85000,0,449.40114480643535,0,0,0,walker-run,3,iFSQ-RL+rec
15,2760,90000,0,491.4991002563387,0,0,0,walker-run,3,iFSQ-RL+rec
0,180,15000,0,48.275342230545355,0,0,0,walker-run,4,iFSQ-RL+rec
1,352,20000,0,97.49089375180192,0,0,0,walker-run,4,iFSQ-RL+rec
2,524,25000,0,80.74640438070055,0,0,0,walker-run,4,iFSQ-RL+rec
3,696,30000,0,136.08726277030073,0,0,0,walker-run,4,iFSQ-RL+rec
4,868,35000,0,143.20266438561958,0,0,0,walker-run,4,iFSQ-RL+rec
5,1040,40000,0,168.18174801610877,0,0,0,walker-run,4,iFSQ-RL+rec
6,1212,45000,0,194.72440009191632,0,0,0,walker-run,4,iFSQ-RL+rec
7,1384,50000,0,189.164268153999,0,0,0,walker-run,4,iFSQ-RL+rec
8,1556,55000,0,177.5382512124721,0,0,0,walker-run,4,iFSQ-RL+rec
9,1728,60000,0,248.19613461494447,0,0,0,walker-run,4,iFSQ-RL+rec
10,1900,65000,0,284.6716435229406,0,0,0,walker-run,4,iFSQ-RL+rec
11,2072,70000,0,331.95029305804053,0,0,0,walker-run,4,iFSQ-RL+rec
12,2244,75000,0,388.25526749582497,0,0,0,walker-run,4,iFSQ-RL+rec
13,2416,80000,0,395.09752902581823,0,0,0,walker-run,4,iFSQ-RL+rec
14,2588,85000,0,458.43982052381614,0,0,0,walker-run,4,iFSQ-RL+rec
15,2760,90000,0,459.4005634814501,0,0,0,walker-run,4,iFSQ-RL+rec
0,180,15000,0,38.17064526218455,0,0,0,walker-run,5,iFSQ-RL+rec
1,352,20000,0,85.25352265210822,0,0,0,walker-run,5,iFSQ-RL+rec
2,524,25000,0,90.24406301991549,0,0,0,walker-run,5,iFSQ-RL+rec
3,696,30000,0,94.7678894443903,0,0,0,walker-run,5,iFSQ-RL+rec
4,868,35000,0,124.11154366987758,0,0,0,walker-run,5,iFSQ-RL+rec
5,1040,40000,0,121.12151081834455,0,0,0,walker-run,5,iFSQ-RL+rec
6,1212,45000,0,169.97756268561352,0,0,0,walker-run,5,iFSQ-RL+rec
7,1384,50000,0,163.5702315244358,0,0,0,walker-run,5,iFSQ-RL+rec
8,1556,55000,0,138.4738635628484,0,0,0,walker-run,5,iFSQ-RL+rec
9,1728,60000,0,217.90698556574063,0,0,0,walker-run,5,iFSQ-RL+rec
10,1900,65000,0,244.74022350052837,0,0,0,walker-run,5,iFSQ-RL+rec
11,2072,70000,0,252.14261225643568,0,0,0,walker-run,5,iFSQ-RL+rec
12,2244,75000,0,311.18822818554474,0,0,0,walker-run,5,iFSQ-RL+rec
13,2416,80000,0,376.1848805728834,0,0,0,walker-run,5,iFSQ-RL+rec
14,2588,85000,0,385.23153686579315,0,0,0,walker-run,5,iFSQ-RL+rec
0,180,15000,0,33.60197925986722,0,0,0,walker-run,1,iFSQ-RL
1,352,20000,0,53.25457103489898,0,0,0,walker-run,1,iFSQ-RL
2,524,25000,0,76.68335142973811,0,0,0,walker-run,1,iFSQ-RL
3,696,30000,0,90.07084087436087,0,0,0,walker-run,1,iFSQ-RL
4,868,35000,0,155.93969150171614,0,0,0,walker-run,1,iFSQ-RL
5,1040,40000,0,191.40746485400012,0,0,0,walker-run,1,iFSQ-RL
6,1212,45000,0,300.39092401945965,0,0,0,walker-run,1,iFSQ-RL
7,1384,50000,0,396.1750822867034,0,0,0,walker-run,1,iFSQ-RL
8,1556,55000,0,403.3096990654012,0,0,0,walker-run,1,iFSQ-RL
9,1728,60000,0,431.45278764748946,0,0,0,walker-run,1,iFSQ-RL
10,1900,65000,0,494.28327905004846,0,0,0,walker-run,1,iFSQ-RL
11,2072,70000,0,432.97271163943225,0,0,0,walker-run,1,iFSQ-RL
12,2244,75000,0,493.60784450562204,0,0,0,walker-run,1,iFSQ-RL
13,2416,80000,0,487.0921078340616,0,0,0,walker-run,1,iFSQ-RL
14,2588,85000,0,472.7622861411422,0,0,0,walker-run,1,iFSQ-RL
15,2760,90000,0,502.56580814006736,0,0,0,walker-run,1,iFSQ-RL
16,2932,95000,0,525.3841192225925,0,0,0,walker-run,1,iFSQ-RL
17,3104,100000,0,541.4214270564728,0,0,0,walker-run,1,iFSQ-RL
18,3276,105000,0,546.2478423959808,0,0,0,walker-run,1,iFSQ-RL
19,3448,110000,0,568.9907562949462,0,0,0,walker-run,1,iFSQ-RL
20,3620,115000,0,567.489096332714,0,0,0,walker-run,1,iFSQ-RL
21,3792,120000,0,599.1992580913472,0,0,0,walker-run,1,iFSQ-RL
22,3964,125000,0,619.7933065079153,0,0,0,walker-run,1,iFSQ-RL
23,4136,130000,0,627.8641563348007,0,0,0,walker-run,1,iFSQ-RL
24,4308,135000,0,627.5221793493722,0,0,0,walker-run,1,iFSQ-RL
25,4480,140000,0,638.4136688967003,0,0,0,walker-run,1,iFSQ-RL
26,4652,145000,0,646.5844021855853,0,0,0,walker-run,1,iFSQ-RL
27,4824,150000,0,672.8779796757968,0,0,0,walker-run,1,iFSQ-RL
28,4996,155000,0,681.7797293681651,0,0,0,walker-run,1,iFSQ-RL
29,5168,160000,0,687.5716556452214,0,0,0,walker-run,1,iFSQ-RL
30,5340,165000,0,708.3528122913092,0,0,0,walker-run,1,iFSQ-RL
31,5512,170000,0,690.6737024325645,0,0,0,walker-run,1,iFSQ-RL
32,5684,175000,0,683.778912288486,0,0,0,walker-run,1,iFSQ-RL
33,5856,180000,0,712.4840733296238,0,0,0,walker-run,1,iFSQ-RL
34,6028,185000,0,704.7575707166922,0,0,0,walker-run,1,iFSQ-RL
35,6200,190000,0,716.3922791990917,0,0,0,walker-run,1,iFSQ-RL
36,6372,195000,0,698.1272405336844,0,0,0,walker-run,1,iFSQ-RL
37,6544,200000,0,702.7205035977997,0,0,0,walker-run,1,iFSQ-RL
38,6716,205000,0,715.3051665846724,0,0,0,walker-run,1,iFSQ-RL
39,6888,210000,0,729.0444571873638,0,0,0,walker-run,1,iFSQ-RL
0,180,15000,0,44.773046360723676,0,0,0,walker-run,2,iFSQ-RL
1,352,20000,0,73.44091145794373,0,0,0,walker-run,2,iFSQ-RL
2,524,25000,0,88.44889961860608,0,0,0,walker-run,2,iFSQ-RL
3,696,30000,0,149.31985622474457,0,0,0,walker-run,2,iFSQ-RL
4,868,35000,0,170.25996950690168,0,0,0,walker-run,2,iFSQ-RL
5,1040,40000,0,304.0308794257231,0,0,0,walker-run,2,iFSQ-RL
6,1212,45000,0,326.7972158558434,0,0,0,walker-run,2,iFSQ-RL
7,1384,50000,0,342.44126373399047,0,0,0,walker-run,2,iFSQ-RL
8,1556,55000,0,422.57502132346855,0,0,0,walker-run,2,iFSQ-RL
9,1728,60000,0,429.3627464448567,0,0,0,walker-run,2,iFSQ-RL
10,1900,65000,0,485.40634363833817,0,0,0,walker-run,2,iFSQ-RL
11,2072,70000,0,521.6717397301924,0,0,0,walker-run,2,iFSQ-RL
12,2244,75000,0,521.6663260662929,0,0,0,walker-run,2,iFSQ-RL
13,2416,80000,0,504.38297532880676,0,0,0,walker-run,2,iFSQ-RL
14,2588,85000,0,537.531902080588,0,0,0,walker-run,2,iFSQ-RL
15,2760,90000,0,510.399599004467,0,0,0,walker-run,2,iFSQ-RL
16,2932,95000,0,537.9773409581976,0,0,0,walker-run,2,iFSQ-RL
17,3104,100000,0,544.5061249230988,0,0,0,walker-run,2,iFSQ-RL
18,3276,105000,0,538.2608980452409,0,0,0,walker-run,2,iFSQ-RL
19,3448,110000,0,574.1360126364976,0,0,0,walker-run,2,iFSQ-RL
20,3620,115000,0,564.0728193163174,0,0,0,walker-run,2,iFSQ-RL
21,3792,120000,0,594.8592443726259,0,0,0,walker-run,2,iFSQ-RL
22,3964,125000,0,599.5761433857493,0,0,0,walker-run,2,iFSQ-RL
23,4136,130000,0,612.5781781120692,0,0,0,walker-run,2,iFSQ-RL
24,4308,135000,0,621.7647098790388,0,0,0,walker-run,2,iFSQ-RL
25,4480,140000,0,633.4303126181942,0,0,0,walker-run,2,iFSQ-RL
26,4652,145000,0,628.52064729915,0,0,0,walker-run,2,iFSQ-RL
27,4824,150000,0,645.2346826902591,0,0,0,walker-run,2,iFSQ-RL
28,4996,155000,0,648.1527303027221,0,0,0,walker-run,2,iFSQ-RL
29,5168,160000,0,652.4933419843437,0,0,0,walker-run,2,iFSQ-RL
30,5340,165000,0,663.0224238393596,0,0,0,walker-run,2,iFSQ-RL
31,5512,170000,0,665.3047170373611,0,0,0,walker-run,2,iFSQ-RL
32,5684,175000,0,652.5941967648454,0,0,0,walker-run,2,iFSQ-RL
33,5856,180000,0,681.473994301213,0,0,0,walker-run,2,iFSQ-RL
34,6028,185000,0,678.9220417064382,0,0,0,walker-run,2,iFSQ-RL
35,6200,190000,0,679.2335606511682,0,0,0,walker-run,2,iFSQ-RL
36,6372,195000,0,695.2563477364369,0,0,0,walker-run,2,iFSQ-RL
37,6544,200000,0,694.5833487778903,0,0,0,walker-run,2,iFSQ-RL
38,6716,205000,0,700.8697570945136,0,0,0,walker-run,2,iFSQ-RL
39,6888,210000,0,704.3318147751037,0,0,0,walker-run,2,iFSQ-RL
40,7060,215000,0,704.1098200879758,0,0,0,walker-run,2,iFSQ-RL
0,180,15000,0,55.85795494148042,0,0,0,walker-run,3,iFSQ-RL
1,352,20000,0,65.15601767976769,0,0,0,walker-run,3,iFSQ-RL
2,524,25000,0,43.67517926068977,0,0,0,walker-run,3,iFSQ-RL
3,696,30000,0,131.61361249554903,0,0,0,walker-run,3,iFSQ-RL
4,868,35000,0,158.80954051681329,0,0,0,walker-run,3,iFSQ-RL
5,1040,40000,0,276.820965330489,0,0,0,walker-run,3,iFSQ-RL
6,1212,45000,0,284.3234150126809,0,0,0,walker-run,3,iFSQ-RL
7,1384,50000,0,366.08744537169116,0,0,0,walker-run,3,iFSQ-RL
8,1556,55000,0,359.7778076316696,0,0,0,walker-run,3,iFSQ-RL
9,1728,60000,0,408.54792028004306,0,0,0,walker-run,3,iFSQ-RL
10,1900,65000,0,421.416932823183,0,0,0,walker-run,3,iFSQ-RL
11,2072,70000,0,415.01647097128443,0,0,0,walker-run,3,iFSQ-RL
12,2244,75000,0,526.2027446385473,0,0,0,walker-run,3,iFSQ-RL
13,2416,80000,0,561.5607328368817,0,0,0,walker-run,3,iFSQ-RL
14,2588,85000,0,566.958717600815,0,0,0,walker-run,3,iFSQ-RL
15,2760,90000,0,508.69749083090574,0,0,0,walker-run,3,iFSQ-RL
16,2932,95000,0,568.1811347092968,0,0,0,walker-run,3,iFSQ-RL
17,3104,100000,0,542.6595999005716,0,0,0,walker-run,3,iFSQ-RL
18,3276,105000,0,594.3126134264282,0,0,0,walker-run,3,iFSQ-RL
19,3448,110000,0,615.4407470457256,0,0,0,walker-run,3,iFSQ-RL
20,3620,115000,0,591.6910526650026,0,0,0,walker-run,3,iFSQ-RL
21,3792,120000,0,627.1425869768485,0,0,0,walker-run,3,iFSQ-RL
22,3964,125000,0,632.2439215797465,0,0,0,walker-run,3,iFSQ-RL
23,4136,130000,0,655.1542186440435,0,0,0,walker-run,3,iFSQ-RL
24,4308,135000,0,642.9984311302426,0,0,0,walker-run,3,iFSQ-RL
25,4480,140000,0,672.8763472773833,0,0,0,walker-run,3,iFSQ-RL
26,4652,145000,0,679.172016237909,0,0,0,walker-run,3,iFSQ-RL
27,4824,150000,0,694.2804833502508,0,0,0,walker-run,3,iFSQ-RL
28,4996,155000,0,689.8466181784403,0,0,0,walker-run,3,iFSQ-RL
29,5168,160000,0,708.234199232026,0,0,0,walker-run,3,iFSQ-RL
30,5340,165000,0,699.954884102149,0,0,0,walker-run,3,iFSQ-RL
31,5512,170000,0,712.1620565274264,0,0,0,walker-run,3,iFSQ-RL
32,5684,175000,0,697.7768346711994,0,0,0,walker-run,3,iFSQ-RL
33,5856,180000,0,726.137398225721,0,0,0,walker-run,3,iFSQ-RL
34,6028,185000,0,723.8688642505091,0,0,0,walker-run,3,iFSQ-RL
35,6200,190000,0,730.168804448098,0,0,0,walker-run,3,iFSQ-RL
36,6372,195000,0,740.6810112994165,0,0,0,walker-run,3,iFSQ-RL
37,6544,200000,0,730.7726822169964,0,0,0,walker-run,3,iFSQ-RL
38,6716,205000,0,739.2432293187827,0,0,0,walker-run,3,iFSQ-RL
39,6888,210000,0,746.1260181774618,0,0,0,walker-run,3,iFSQ-RL
40,7060,215000,0,744.8503900252283,0,0,0,walker-run,3,iFSQ-RL
0,180,15000,0,64.86494261240587,0,0,0,walker-run,4,iFSQ-RL
1,352,20000,0,103.92835585619324,0,0,0,walker-run,4,iFSQ-RL
2,524,25000,0,74.16937146342825,0,0,0,walker-run,4,iFSQ-RL
3,696,30000,0,163.5995545754675,0,0,0,walker-run,4,iFSQ-RL
4,868,35000,0,198.0862991981674,0,0,0,walker-run,4,iFSQ-RL
5,1040,40000,0,247.1539905883372,0,0,0,walker-run,4,iFSQ-RL
6,1212,45000,0,305.94341478613205,0,0,0,walker-run,4,iFSQ-RL
7,1384,50000,0,378.4721308425069,0,0,0,walker-run,4,iFSQ-RL
8,1556,55000,0,383.4349807037972,0,0,0,walker-run,4,iFSQ-RL
9,1728,60000,0,380.2687838587444,0,0,0,walker-run,4,iFSQ-RL
10,1900,65000,0,488.14439918757415,0,0,0,walker-run,4,iFSQ-RL
11,2072,70000,0,492.82400763370094,0,0,0,walker-run,4,iFSQ-RL
12,2244,75000,0,518.3927308281884,0,0,0,walker-run,4,iFSQ-RL
13,2416,80000,0,498.2346133228857,0,0,0,walker-run,4,iFSQ-RL
14,2588,85000,0,503.7122860195348,0,0,0,walker-run,4,iFSQ-RL
15,2760,90000,0,515.2372432440519,0,0,0,walker-run,4,iFSQ-RL
16,2932,95000,0,525.4355154727585,0,0,0,walker-run,4,iFSQ-RL
17,3104,100000,0,540.1125920161372,0,0,0,walker-run,4,iFSQ-RL
18,3276,105000,0,587.2536824587733,0,0,0,walker-run,4,iFSQ-RL
19,3448,110000,0,610.6447633294389,0,0,0,walker-run,4,iFSQ-RL
20,3620,115000,0,631.551031397283,0,0,0,walker-run,4,iFSQ-RL
21,3792,120000,0,621.8573119691573,0,0,0,walker-run,4,iFSQ-RL
22,3964,125000,0,639.8128291059286,0,0,0,walker-run,4,iFSQ-RL
23,4136,130000,0,639.2187448888551,0,0,0,walker-run,4,iFSQ-RL
24,4308,135000,0,640.2778418898582,0,0,0,walker-run,4,iFSQ-RL
25,4480,140000,0,665.0816344127991,0,0,0,walker-run,4,iFSQ-RL
26,4652,145000,0,660.9337619994301,0,0,0,walker-run,4,iFSQ-RL
27,4824,150000,0,670.9432356730103,0,0,0,walker-run,4,iFSQ-RL
28,4996,155000,0,680.6666767519898,0,0,0,walker-run,4,iFSQ-RL
29,5168,160000,0,698.0057117866352,0,0,0,walker-run,4,iFSQ-RL
30,5340,165000,0,690.5962761128787,0,0,0,walker-run,4,iFSQ-RL
31,5512,170000,0,689.0147712586447,0,0,0,walker-run,4,iFSQ-RL
32,5684,175000,0,697.3677573254099,0,0,0,walker-run,4,iFSQ-RL
33,5856,180000,0,686.5113949922845,0,0,0,walker-run,4,iFSQ-RL
34,6028,185000,0,704.1627818434732,0,0,0,walker-run,4,iFSQ-RL
35,6200,190000,0,694.5016768439673,0,0,0,walker-run,4,iFSQ-RL
36,6372,195000,0,692.486936418945,0,0,0,walker-run,4,iFSQ-RL
37,6544,200000,0,710.4527285998687,0,0,0,walker-run,4,iFSQ-RL
38,6716,205000,0,713.8054961267859,0,0,0,walker-run,4,iFSQ-RL
39,6888,210000,0,711.6203679927625,0,0,0,walker-run,4,iFSQ-RL
40,7060,215000,0,718.895727102831,0,0,0,walker-run,4,iFSQ-RL
41,7232,220000,0,713.0305724985898,0,0,0,walker-run,4,iFSQ-RL
42,7404,225000,0,705.9439525827765,0,0,0,walker-run,4,iFSQ-RL
43,7576,230000,0,712.9662844046485,0,0,0,walker-run,4,iFSQ-RL
0,180,15000,0,26.729049767460673,0,0,0,walker-run,5,iFSQ-RL
1,352,20000,0,65.16290409830398,0,0,0,walker-run,5,iFSQ-RL
2,524,25000,0,104.84968475592322,0,0,0,walker-run,5,iFSQ-RL
3,696,30000,0,135.2501449921634,0,0,0,walker-run,5,iFSQ-RL
4,868,35000,0,206.72964592676144,0,0,0,walker-run,5,iFSQ-RL
5,1040,40000,0,359.94591587630566,0,0,0,walker-run,5,iFSQ-RL
6,1212,45000,0,322.7330311390571,0,0,0,walker-run,5,iFSQ-RL
7,1384,50000,0,327.9181450752076,0,0,0,walker-run,5,iFSQ-RL
8,1556,55000,0,366.8026538983919,0,0,0,walker-run,5,iFSQ-RL
9,1728,60000,0,435.1280072505586,0,0,0,walker-run,5,iFSQ-RL
10,1900,65000,0,472.00191693380475,0,0,0,walker-run,5,iFSQ-RL
11,2072,70000,0,409.074256701488,0,0,0,walker-run,5,iFSQ-RL
12,2244,75000,0,478.8497890532017,0,0,0,walker-run,5,iFSQ-RL
13,2416,80000,0,489.4953599080676,0,0,0,walker-run,5,iFSQ-RL
14,2588,85000,0,464.04774131863377,0,0,0,walker-run,5,iFSQ-RL
15,2760,90000,0,479.918980840547,0,0,0,walker-run,5,iFSQ-RL
16,2932,95000,0,519.1463288248517,0,0,0,walker-run,5,iFSQ-RL
17,3104,100000,0,493.1660088883946,0,0,0,walker-run,5,iFSQ-RL
18,3276,105000,0,524.1051442109049,0,0,0,walker-run,5,iFSQ-RL
19,3448,110000,0,559.4390649515902,0,0,0,walker-run,5,iFSQ-RL
20,3620,115000,0,549.3401009932161,0,0,0,walker-run,5,iFSQ-RL
21,3792,120000,0,552.9900385456392,0,0,0,walker-run,5,iFSQ-RL
22,3964,125000,0,561.4498820696026,0,0,0,walker-run,5,iFSQ-RL
23,4136,130000,0,581.5895724470029,0,0,0,walker-run,5,iFSQ-RL
24,4308,135000,0,572.3447898943908,0,0,0,walker-run,5,iFSQ-RL
25,4480,140000,0,576.5323882275727,0,0,0,walker-run,5,iFSQ-RL
26,4652,145000,0,597.1191514972364,0,0,0,walker-run,5,iFSQ-RL
27,4824,150000,0,614.6211611153558,0,0,0,walker-run,5,iFSQ-RL
28,4996,155000,0,623.89991140177,0,0,0,walker-run,5,iFSQ-RL
29,5168,160000,0,623.4787310446612,0,0,0,walker-run,5,iFSQ-RL
30,5340,165000,0,633.9511726509779,0,0,0,walker-run,5,iFSQ-RL
31,5512,170000,0,605.8719675265253,0,0,0,walker-run,5,iFSQ-RL
32,5684,175000,0,636.7639753336086,0,0,0,walker-run,5,iFSQ-RL
33,5856,180000,0,649.265672768699,0,0,0,walker-run,5,iFSQ-RL
34,6028,185000,0,650.3333822630345,0,0,0,walker-run,5,iFSQ-RL
35,6200,190000,0,648.4004398202524,0,0,0,walker-run,5,iFSQ-RL
36,6372,195000,0,644.1481524574571,0,0,0,walker-run,5,iFSQ-RL
37,6544,200000,0,662.8590124875307,0,0,0,walker-run,5,iFSQ-RL
38,6716,205000,0,665.1401253649034,0,0,0,walker-run,5,iFSQ-RL
39,6888,210000,0,659.6112862562062,0,0,0,walker-run,5,iFSQ-RL
40,7060,215000,0,663.2800221554469,0,0,0,walker-run,5,iFSQ-RL
0,180,15000,0,39.57847594552368,0,0,0,cheetah-run,1,iFSQ-RL+rec
1,352,20000,0,69.27518883069934,0,0,0,cheetah-run,1,iFSQ-RL+rec
2,524,25000,0,70.10393746579757,0,0,0,cheetah-run,1,iFSQ-RL+rec
3,696,30000,0,153.83319581375252,0,0,0,cheetah-run,1,iFSQ-RL+rec
4,868,35000,0,90.68667002746167,0,0,0,cheetah-run,1,iFSQ-RL+rec
5,1040,40000,0,178.1299310420598,0,0,0,cheetah-run,1,iFSQ-RL+rec
6,1212,45000,0,238.5988787728158,0,0,0,cheetah-run,1,iFSQ-RL+rec
7,1384,50000,0,252.078144776095,0,0,0,cheetah-run,1,iFSQ-RL+rec
8,1556,55000,0,290.88312728762975,0,0,0,cheetah-run,1,iFSQ-RL+rec
0,180,15000,0,63.33923793409631,0,0,0,cheetah-run,2,iFSQ-RL+rec
1,352,20000,0,109.94421035330765,0,0,0,cheetah-run,2,iFSQ-RL+rec
2,524,25000,0,130.90717830283393,0,0,0,cheetah-run,2,iFSQ-RL+rec
3,696,30000,0,144.95951726334152,0,0,0,cheetah-run,2,iFSQ-RL+rec
4,868,35000,0,175.91983390664683,0,0,0,cheetah-run,2,iFSQ-RL+rec
5,1040,40000,0,192.18366943314905,0,0,0,cheetah-run,2,iFSQ-RL+rec
6,1212,45000,0,210.15089725189463,0,0,0,cheetah-run,2,iFSQ-RL+rec
7,1384,50000,0,239.45699455635622,0,0,0,cheetah-run,2,iFSQ-RL+rec
8,1556,55000,0,290.2371457514353,0,0,0,cheetah-run,2,iFSQ-RL+rec
9,1728,60000,0,371.3110191607848,0,0,0,cheetah-run,2,iFSQ-RL+rec
0,180,15000,0,64.85291106148797,0,0,0,cheetah-run,3,iFSQ-RL+rec
1,352,20000,0,139.67619841276675,0,0,0,cheetah-run,3,iFSQ-RL+rec
2,524,25000,0,158.90067701022198,0,0,0,cheetah-run,3,iFSQ-RL+rec
3,696,30000,0,125.33022634810114,0,0,0,cheetah-run,3,iFSQ-RL+rec
4,868,35000,0,179.29167146364344,0,0,0,cheetah-run,3,iFSQ-RL+rec
5,1040,40000,0,200.37655386268162,0,0,0,cheetah-run,3,iFSQ-RL+rec
6,1212,45000,0,271.2721731342841,0,0,0,cheetah-run,3,iFSQ-RL+rec
7,1384,50000,0,293.67418599296946,0,0,0,cheetah-run,3,iFSQ-RL+rec
8,1556,55000,0,310.3985800227616,0,0,0,cheetah-run,3,iFSQ-RL+rec
0,180,15000,0,41.90987131209986,0,0,0,cheetah-run,4,iFSQ-RL+rec
1,352,20000,0,107.72530743143216,0,0,0,cheetah-run,4,iFSQ-RL+rec
2,524,25000,0,101.34626156804381,0,0,0,cheetah-run,4,iFSQ-RL+rec
3,696,30000,0,142.46466608089395,0,0,0,cheetah-run,4,iFSQ-RL+rec
4,868,35000,0,179.46987200077274,0,0,0,cheetah-run,4,iFSQ-RL+rec
5,1040,40000,0,158.4570200458169,0,0,0,cheetah-run,4,iFSQ-RL+rec
6,1212,45000,0,176.43446984253825,0,0,0,cheetah-run,4,iFSQ-RL+rec
7,1384,50000,0,207.08200835501776,0,0,0,cheetah-run,4,iFSQ-RL+rec
0,180,15000,0,43.971116224081015,0,0,0,cheetah-run,5,iFSQ-RL+rec
1,352,20000,0,60.18656303677708,0,0,0,cheetah-run,5,iFSQ-RL+rec
2,524,25000,0,106.13645741052088,0,0,0,cheetah-run,5,iFSQ-RL+rec
3,696,30000,0,106.06457239508336,0,0,0,cheetah-run,5,iFSQ-RL+rec
4,868,35000,0,171.5859348615748,0,0,0,cheetah-run,5,iFSQ-RL+rec
5,1040,40000,0,208.1073047261685,0,0,0,cheetah-run,5,iFSQ-RL+rec
6,1212,45000,0,244.489884458296,0,0,0,cheetah-run,5,iFSQ-RL+rec
7,1384,50000,0,297.0271724848077,0,0,0,cheetah-run,5,iFSQ-RL+rec
0,180,15000,0,92.63628491185031,0,0,0,cheetah-run,1,iFSQ-RL
1,352,20000,0,92.51145295735265,0,0,0,cheetah-run,1,iFSQ-RL
2,524,25000,0,114.18661961171684,0,0,0,cheetah-run,1,iFSQ-RL
3,696,30000,0,204.46494948260369,0,0,0,cheetah-run,1,iFSQ-RL
4,868,35000,0,181.75501155548992,0,0,0,cheetah-run,1,iFSQ-RL
5,1040,40000,0,96.87419617632952,0,0,0,cheetah-run,1,iFSQ-RL
6,1212,45000,0,331.5817372312769,0,0,0,cheetah-run,1,iFSQ-RL
7,1384,50000,0,333.46323563319163,0,0,0,cheetah-run,1,iFSQ-RL
8,1556,55000,0,331.0882020115852,0,0,0,cheetah-run,1,iFSQ-RL
9,1728,60000,0,404.67170198631936,0,0,0,cheetah-run,1,iFSQ-RL
10,1900,65000,0,404.32801177105864,0,0,0,cheetah-run,1,iFSQ-RL
11,2072,70000,0,417.4605016210509,0,0,0,cheetah-run,1,iFSQ-RL
12,2244,75000,0,416.3840978377499,0,0,0,cheetah-run,1,iFSQ-RL
13,2416,80000,0,452.40672064965474,0,0,0,cheetah-run,1,iFSQ-RL
14,2588,85000,0,434.7680033539538,0,0,0,cheetah-run,1,iFSQ-RL
15,2760,90000,0,509.00196331921035,0,0,0,cheetah-run,1,iFSQ-RL
16,2932,95000,0,533.1716306998911,0,0,0,cheetah-run,1,iFSQ-RL
17,3104,100000,0,550.6345945254674,0,0,0,cheetah-run,1,iFSQ-RL
18,3276,105000,0,561.0000343449507,0,0,0,cheetah-run,1,iFSQ-RL
19,3448,110000,0,561.3011076395603,0,0,0,cheetah-run,1,iFSQ-RL
20,3620,115000,0,587.5634867369197,0,0,0,cheetah-run,1,iFSQ-RL
21,3792,120000,0,603.950430457489,0,0,0,cheetah-run,1,iFSQ-RL
22,3964,125000,0,589.6086919121423,0,0,0,cheetah-run,1,iFSQ-RL
23,4136,130000,0,609.0012438854407,0,0,0,cheetah-run,1,iFSQ-RL
24,4308,135000,0,627.8907722830605,0,0,0,cheetah-run,1,iFSQ-RL
25,4480,140000,0,635.5144466859026,0,0,0,cheetah-run,1,iFSQ-RL
26,4652,145000,0,660.5554659222078,0,0,0,cheetah-run,1,iFSQ-RL
27,4824,150000,0,666.1524669952154,0,0,0,cheetah-run,1,iFSQ-RL
28,4996,155000,0,652.6282207090887,0,0,0,cheetah-run,1,iFSQ-RL
29,5168,160000,0,661.9454462196867,0,0,0,cheetah-run,1,iFSQ-RL
30,5340,165000,0,662.7120080740235,0,0,0,cheetah-run,1,iFSQ-RL
31,5512,170000,0,677.5145256801727,0,0,0,cheetah-run,1,iFSQ-RL
32,5684,175000,0,670.7525799895557,0,0,0,cheetah-run,1,iFSQ-RL
33,5856,180000,0,681.448101453633,0,0,0,cheetah-run,1,iFSQ-RL
34,6028,185000,0,686.5385893387371,0,0,0,cheetah-run,1,iFSQ-RL
35,6200,190000,0,687.926979759759,0,0,0,cheetah-run,1,iFSQ-RL
36,6372,195000,0,681.7004575612839,0,0,0,cheetah-run,1,iFSQ-RL
37,6544,200000,0,700.3523715853196,0,0,0,cheetah-run,1,iFSQ-RL
38,6716,205000,0,703.802587944745,0,0,0,cheetah-run,1,iFSQ-RL
39,6888,210000,0,706.021720472123,0,0,0,cheetah-run,1,iFSQ-RL
40,7060,215000,0,708.8971893891769,0,0,0,cheetah-run,1,iFSQ-RL
41,7232,220000,0,719.9575334976689,0,0,0,cheetah-run,1,iFSQ-RL
42,7404,225000,0,721.2552139258551,0,0,0,cheetah-run,1,iFSQ-RL
43,7576,230000,0,663.1687258555039,0,0,0,cheetah-run,1,iFSQ-RL
44,7748,235000,0,716.8189030082052,0,0,0,cheetah-run,1,iFSQ-RL
45,7920,240000,0,672.4180813849911,0,0,0,cheetah-run,1,iFSQ-RL
46,8092,245000,0,726.3177613696398,0,0,0,cheetah-run,1,iFSQ-RL
47,8264,250000,0,730.3436451466625,0,0,0,cheetah-run,1,iFSQ-RL
48,8436,255000,0,730.0602407007711,0,0,0,cheetah-run,1,iFSQ-RL
49,8608,260000,0,719.8620978299062,0,0,0,cheetah-run,1,iFSQ-RL
50,8780,265000,0,724.9798368325573,0,0,0,cheetah-run,1,iFSQ-RL
51,8952,270000,0,726.5547803427704,0,0,0,cheetah-run,1,iFSQ-RL
52,9124,275000,0,677.1504512707703,0,0,0,cheetah-run,1,iFSQ-RL
53,9296,280000,0,749.4604259791552,0,0,0,cheetah-run,1,iFSQ-RL
54,9468,285000,0,744.8050569173472,0,0,0,cheetah-run,1,iFSQ-RL
55,9640,290000,0,684.3788032879995,0,0,0,cheetah-run,1,iFSQ-RL
0,180,15000,0,78.03727716870344,0,0,0,cheetah-run,2,iFSQ-RL
1,352,20000,0,135.53889290374818,0,0,0,cheetah-run,2,iFSQ-RL
2,524,25000,0,230.22063233439113,0,0,0,cheetah-run,2,iFSQ-RL
3,696,30000,0,198.0685129644262,0,0,0,cheetah-run,2,iFSQ-RL
4,868,35000,0,228.06698767989874,0,0,0,cheetah-run,2,iFSQ-RL
5,1040,40000,0,270.9079315120354,0,0,0,cheetah-run,2,iFSQ-RL
6,1212,45000,0,197.29292706699124,0,0,0,cheetah-run,2,iFSQ-RL
7,1384,50000,0,387.90746813826263,0,0,0,cheetah-run,2,iFSQ-RL
8,1556,55000,0,367.274281302467,0,0,0,cheetah-run,2,iFSQ-RL
9,1728,60000,0,395.85348740667104,0,0,0,cheetah-run,2,iFSQ-RL
10,1900,65000,0,390.55873694578185,0,0,0,cheetah-run,2,iFSQ-RL
11,2072,70000,0,359.09820515271275,0,0,0,cheetah-run,2,iFSQ-RL
12,2244,75000,0,400.0535095140338,0,0,0,cheetah-run,2,iFSQ-RL
13,2416,80000,0,431.72597439959645,0,0,0,cheetah-run,2,iFSQ-RL
14,2588,85000,0,454.5951893500984,0,0,0,cheetah-run,2,iFSQ-RL
15,2760,90000,0,462.61412489041686,0,0,0,cheetah-run,2,iFSQ-RL
16,2932,95000,0,434.6806290762499,0,0,0,cheetah-run,2,iFSQ-RL
17,3104,100000,0,470.847880833596,0,0,0,cheetah-run,2,iFSQ-RL
18,3276,105000,0,503.24534610658884,0,0,0,cheetah-run,2,iFSQ-RL
19,3448,110000,0,509.9070508563891,0,0,0,cheetah-run,2,iFSQ-RL
20,3620,115000,0,522.8902076985687,0,0,0,cheetah-run,2,iFSQ-RL
21,3792,120000,0,522.2980035567656,0,0,0,cheetah-run,2,iFSQ-RL
22,3964,125000,0,540.137434861809,0,0,0,cheetah-run,2,iFSQ-RL
23,4136,130000,0,543.0373497942462,0,0,0,cheetah-run,2,iFSQ-RL
24,4308,135000,0,540.6595636863261,0,0,0,cheetah-run,2,iFSQ-RL
25,4480,140000,0,539.3361751168966,0,0,0,cheetah-run,2,iFSQ-RL
26,4652,145000,0,491.5053184231341,0,0,0,cheetah-run,2,iFSQ-RL
27,4824,150000,0,584.9393845172599,0,0,0,cheetah-run,2,iFSQ-RL
28,4996,155000,0,562.5288147990933,0,0,0,cheetah-run,2,iFSQ-RL
29,5168,160000,0,596.9449984621257,0,0,0,cheetah-run,2,iFSQ-RL
30,5340,165000,0,605.1610475655646,0,0,0,cheetah-run,2,iFSQ-RL
31,5512,170000,0,612.9172738086432,0,0,0,cheetah-run,2,iFSQ-RL
32,5684,175000,0,620.8424904480577,0,0,0,cheetah-run,2,iFSQ-RL
33,5856,180000,0,627.8993938367814,0,0,0,cheetah-run,2,iFSQ-RL
34,6028,185000,0,629.1547549974173,0,0,0,cheetah-run,2,iFSQ-RL
35,6200,190000,0,636.2569491496309,0,0,0,cheetah-run,2,iFSQ-RL
36,6372,195000,0,642.8191102972254,0,0,0,cheetah-run,2,iFSQ-RL
37,6544,200000,0,641.996418127045,0,0,0,cheetah-run,2,iFSQ-RL
38,6716,205000,0,613.1954056710529,0,0,0,cheetah-run,2,iFSQ-RL
39,6888,210000,0,648.3345158111304,0,0,0,cheetah-run,2,iFSQ-RL
40,7060,215000,0,644.0190181719139,0,0,0,cheetah-run,2,iFSQ-RL
41,7232,220000,0,647.5027090735733,0,0,0,cheetah-run,2,iFSQ-RL
42,7404,225000,0,655.6212483089417,0,0,0,cheetah-run,2,iFSQ-RL
43,7576,230000,0,659.1836303619668,0,0,0,cheetah-run,2,iFSQ-RL
44,7748,235000,0,658.5080490637571,0,0,0,cheetah-run,2,iFSQ-RL
45,7920,240000,0,665.9231613464653,0,0,0,cheetah-run,2,iFSQ-RL
46,8092,245000,0,660.1834566678851,0,0,0,cheetah-run,2,iFSQ-RL
47,8264,250000,0,670.9831927321851,0,0,0,cheetah-run,2,iFSQ-RL
48,8436,255000,0,675.0586767785251,0,0,0,cheetah-run,2,iFSQ-RL
49,8608,260000,0,668.1649803694338,0,0,0,cheetah-run,2,iFSQ-RL
50,8780,265000,0,674.1731359696016,0,0,0,cheetah-run,2,iFSQ-RL
51,8952,270000,0,679.8720942294225,0,0,0,cheetah-run,2,iFSQ-RL
52,9124,275000,0,683.643116479367,0,0,0,cheetah-run,2,iFSQ-RL
53,9296,280000,0,682.1475193500519,0,0,0,cheetah-run,2,iFSQ-RL
54,9468,285000,0,681.1069777172058,0,0,0,cheetah-run,2,iFSQ-RL
55,9640,290000,0,691.1272961759939,0,0,0,cheetah-run,2,iFSQ-RL
56,9812,295000,0,687.73987823762,0,0,0,cheetah-run,2,iFSQ-RL
57,9984,300000,0,682.4777584590017,0,0,0,cheetah-run,2,iFSQ-RL
58,10156,305000,0,696.099622769095,0,0,0,cheetah-run,2,iFSQ-RL
59,10328,310000,0,698.0911361146718,0,0,0,cheetah-run,2,iFSQ-RL
60,10500,315000,0,694.9806949418038,0,0,0,cheetah-run,2,iFSQ-RL
61,10672,320000,0,708.020813524723,0,0,0,cheetah-run,2,iFSQ-RL
0,180,15000,0,74.38666873819311,0,0,0,cheetah-run,3,iFSQ-RL
1,352,20000,0,52.351820987293834,0,0,0,cheetah-run,3,iFSQ-RL
2,524,25000,0,137.74229754512515,0,0,0,cheetah-run,3,iFSQ-RL
3,696,30000,0,158.5811503918499,0,0,0,cheetah-run,3,iFSQ-RL
4,868,35000,0,245.1411792783998,0,0,0,cheetah-run,3,iFSQ-RL
5,1040,40000,0,266.17385100320973,0,0,0,cheetah-run,3,iFSQ-RL
6,1212,45000,0,337.62576379455857,0,0,0,cheetah-run,3,iFSQ-RL
7,1384,50000,0,390.949547896006,0,0,0,cheetah-run,3,iFSQ-RL
8,1556,55000,0,407.94954764789435,0,0,0,cheetah-run,3,iFSQ-RL
9,1728,60000,0,404.64744426860705,0,0,0,cheetah-run,3,iFSQ-RL
10,1900,65000,0,417.6976479921039,0,0,0,cheetah-run,3,iFSQ-RL
11,2072,70000,0,410.010938597651,0,0,0,cheetah-run,3,iFSQ-RL
12,2244,75000,0,425.66145813413607,0,0,0,cheetah-run,3,iFSQ-RL
13,2416,80000,0,450.86943543548693,0,0,0,cheetah-run,3,iFSQ-RL
14,2588,85000,0,478.705875261029,0,0,0,cheetah-run,3,iFSQ-RL
15,2760,90000,0,506.9000568146177,0,0,0,cheetah-run,3,iFSQ-RL
16,2932,95000,0,493.2655058721546,0,0,0,cheetah-run,3,iFSQ-RL
17,3104,100000,0,522.6934990634094,0,0,0,cheetah-run,3,iFSQ-RL
18,3276,105000,0,547.4175767831505,0,0,0,cheetah-run,3,iFSQ-RL
19,3448,110000,0,563.4371208467521,0,0,0,cheetah-run,3,iFSQ-RL
20,3620,115000,0,552.665223233332,0,0,0,cheetah-run,3,iFSQ-RL
21,3792,120000,0,608.071743384935,0,0,0,cheetah-run,3,iFSQ-RL
22,3964,125000,0,601.149623346515,0,0,0,cheetah-run,3,iFSQ-RL
23,4136,130000,0,597.7502959650476,0,0,0,cheetah-run,3,iFSQ-RL
24,4308,135000,0,597.1649696959182,0,0,0,cheetah-run,3,iFSQ-RL
25,4480,140000,0,631.312278114073,0,0,0,cheetah-run,3,iFSQ-RL
26,4652,145000,0,639.2223827673122,0,0,0,cheetah-run,3,iFSQ-RL
27,4824,150000,0,637.2157767901197,0,0,0,cheetah-run,3,iFSQ-RL
28,4996,155000,0,649.4188549933955,0,0,0,cheetah-run,3,iFSQ-RL
29,5168,160000,0,659.8831428057514,0,0,0,cheetah-run,3,iFSQ-RL
30,5340,165000,0,659.9559609096498,0,0,0,cheetah-run,3,iFSQ-RL
31,5512,170000,0,672.0944190360606,0,0,0,cheetah-run,3,iFSQ-RL
32,5684,175000,0,678.4712370118126,0,0,0,cheetah-run,3,iFSQ-RL
33,5856,180000,0,676.3020828722044,0,0,0,cheetah-run,3,iFSQ-RL
34,6028,185000,0,627.785073281452,0,0,0,cheetah-run,3,iFSQ-RL
35,6200,190000,0,679.0902174275368,0,0,0,cheetah-run,3,iFSQ-RL
36,6372,195000,0,698.5590314040892,0,0,0,cheetah-run,3,iFSQ-RL
37,6544,200000,0,705.6481353947893,0,0,0,cheetah-run,3,iFSQ-RL
38,6716,205000,0,706.2267938883975,0,0,0,cheetah-run,3,iFSQ-RL
39,6888,210000,0,710.0308517618105,0,0,0,cheetah-run,3,iFSQ-RL
40,7060,215000,0,704.1632900491356,0,0,0,cheetah-run,3,iFSQ-RL
41,7232,220000,0,722.4603276794776,0,0,0,cheetah-run,3,iFSQ-RL
42,7404,225000,0,728.2185187987052,0,0,0,cheetah-run,3,iFSQ-RL
43,7576,230000,0,671.5871894014497,0,0,0,cheetah-run,3,iFSQ-RL
44,7748,235000,0,615.4923665317131,0,0,0,cheetah-run,3,iFSQ-RL
45,7920,240000,0,761.7857365295291,0,0,0,cheetah-run,3,iFSQ-RL
46,8092,245000,0,767.8412796389312,0,0,0,cheetah-run,3,iFSQ-RL
47,8264,250000,0,760.656222485751,0,0,0,cheetah-run,3,iFSQ-RL
48,8436,255000,0,764.5030909502879,0,0,0,cheetah-run,3,iFSQ-RL
49,8608,260000,0,627.2362344974706,0,0,0,cheetah-run,3,iFSQ-RL
50,8780,265000,0,788.9899942666292,0,0,0,cheetah-run,3,iFSQ-RL
51,8952,270000,0,780.3258920753375,0,0,0,cheetah-run,3,iFSQ-RL
52,9124,275000,0,782.3998664479702,0,0,0,cheetah-run,3,iFSQ-RL
53,9296,280000,0,795.1413981557358,0,0,0,cheetah-run,3,iFSQ-RL
54,9468,285000,0,785.0864223573357,0,0,0,cheetah-run,3,iFSQ-RL
0,180,15000,0,75.48463442059946,0,0,0,cheetah-run,4,iFSQ-RL
1,352,20000,0,76.36538120476379,0,0,0,cheetah-run,4,iFSQ-RL
2,524,25000,0,158.98084728689594,0,0,0,cheetah-run,4,iFSQ-RL
3,696,30000,0,170.79137919708154,0,0,0,cheetah-run,4,iFSQ-RL
4,868,35000,0,229.66936325449495,0,0,0,cheetah-run,4,iFSQ-RL
5,1040,40000,0,261.90134808787263,0,0,0,cheetah-run,4,iFSQ-RL
6,1212,45000,0,259.61817836598436,0,0,0,cheetah-run,4,iFSQ-RL
7,1384,50000,0,350.5005346335471,0,0,0,cheetah-run,4,iFSQ-RL
8,1556,55000,0,390.3646919036284,0,0,0,cheetah-run,4,iFSQ-RL
9,1728,60000,0,389.01980348676443,0,0,0,cheetah-run,4,iFSQ-RL
10,1900,65000,0,384.1133075036108,0,0,0,cheetah-run,4,iFSQ-RL
11,2072,70000,0,394.22844715397804,0,0,0,cheetah-run,4,iFSQ-RL
12,2244,75000,0,432.49713672958313,0,0,0,cheetah-run,4,iFSQ-RL
13,2416,80000,0,434.7384694185108,0,0,0,cheetah-run,4,iFSQ-RL
14,2588,85000,0,425.3049668794498,0,0,0,cheetah-run,4,iFSQ-RL
15,2760,90000,0,469.83906404543666,0,0,0,cheetah-run,4,iFSQ-RL
16,2932,95000,0,482.3526804305613,0,0,0,cheetah-run,4,iFSQ-RL
17,3104,100000,0,501.4549108870327,0,0,0,cheetah-run,4,iFSQ-RL
18,3276,105000,0,479.26043889056893,0,0,0,cheetah-run,4,iFSQ-RL
19,3448,110000,0,519.7281651502475,0,0,0,cheetah-run,4,iFSQ-RL
20,3620,115000,0,522.5886787261813,0,0,0,cheetah-run,4,iFSQ-RL
21,3792,120000,0,553.6870569476857,0,0,0,cheetah-run,4,iFSQ-RL
22,3964,125000,0,561.418983250577,0,0,0,cheetah-run,4,iFSQ-RL
23,4136,130000,0,569.2440310095437,0,0,0,cheetah-run,4,iFSQ-RL
24,4308,135000,0,578.500136735104,0,0,0,cheetah-run,4,iFSQ-RL
25,4480,140000,0,610.9517726175487,0,0,0,cheetah-run,4,iFSQ-RL
26,4652,145000,0,612.116208743304,0,0,0,cheetah-run,4,iFSQ-RL
27,4824,150000,0,634.2173683122732,0,0,0,cheetah-run,4,iFSQ-RL
28,4996,155000,0,652.8423892771825,0,0,0,cheetah-run,4,iFSQ-RL
29,5168,160000,0,647.2999938396737,0,0,0,cheetah-run,4,iFSQ-RL
30,5340,165000,0,661.1417733456008,0,0,0,cheetah-run,4,iFSQ-RL
31,5512,170000,0,663.0295806404204,0,0,0,cheetah-run,4,iFSQ-RL
32,5684,175000,0,659.9925033546053,0,0,0,cheetah-run,4,iFSQ-RL
33,5856,180000,0,668.4980575154535,0,0,0,cheetah-run,4,iFSQ-RL
34,6028,185000,0,665.4215269391425,0,0,0,cheetah-run,4,iFSQ-RL
35,6200,190000,0,674.4738602276891,0,0,0,cheetah-run,4,iFSQ-RL
36,6372,195000,0,672.9824020665139,0,0,0,cheetah-run,4,iFSQ-RL
37,6544,200000,0,668.6215670213103,0,0,0,cheetah-run,4,iFSQ-RL
38,6716,205000,0,680.801043472439,0,0,0,cheetah-run,4,iFSQ-RL
39,6888,210000,0,691.404509053193,0,0,0,cheetah-run,4,iFSQ-RL
40,7060,215000,0,687.4572091436945,0,0,0,cheetah-run,4,iFSQ-RL
41,7232,220000,0,687.4362458937801,0,0,0,cheetah-run,4,iFSQ-RL
42,7404,225000,0,699.1537841322831,0,0,0,cheetah-run,4,iFSQ-RL
43,7576,230000,0,700.5388290806674,0,0,0,cheetah-run,4,iFSQ-RL
44,7748,235000,0,705.4510910566896,0,0,0,cheetah-run,4,iFSQ-RL
45,7920,240000,0,703.2104048565961,0,0,0,cheetah-run,4,iFSQ-RL
46,8092,245000,0,694.6307630050927,0,0,0,cheetah-run,4,iFSQ-RL
47,8264,250000,0,736.1187886840664,0,0,0,cheetah-run,4,iFSQ-RL
48,8436,255000,0,716.0670919508673,0,0,0,cheetah-run,4,iFSQ-RL
49,8608,260000,0,753.0126897886396,0,0,0,cheetah-run,4,iFSQ-RL
50,8780,265000,0,757.0549595963209,0,0,0,cheetah-run,4,iFSQ-RL
51,8952,270000,0,751.2905608333647,0,0,0,cheetah-run,4,iFSQ-RL
52,9124,275000,0,770.889534247294,0,0,0,cheetah-run,4,iFSQ-RL
53,9296,280000,0,773.7827789959498,0,0,0,cheetah-run,4,iFSQ-RL
54,9468,285000,0,785.0103351484984,0,0,0,cheetah-run,4,iFSQ-RL
55,9640,290000,0,776.4863892368041,0,0,0,cheetah-run,4,iFSQ-RL
56,9812,295000,0,769.5192541247234,0,0,0,cheetah-run,4,iFSQ-RL
57,9984,300000,0,788.7581362373196,0,0,0,cheetah-run,4,iFSQ-RL
58,10156,305000,0,783.6721721834504,0,0,0,cheetah-run,4,iFSQ-RL
59,10328,310000,0,798.7680192116648,0,0,0,cheetah-run,4,iFSQ-RL
60,10500,315000,0,807.4328154289163,0,0,0,cheetah-run,4,iFSQ-RL
61,10672,320000,0,807.5407477203756,0,0,0,cheetah-run,4,iFSQ-RL
0,180,15000,0,63.15967607064958,0,0,0,cheetah-run,5,iFSQ-RL
1,352,20000,0,131.1520221837389,0,0,0,cheetah-run,5,iFSQ-RL
2,524,25000,0,136.44593327635084,0,0,0,cheetah-run,5,iFSQ-RL
3,696,30000,0,147.88833205333214,0,0,0,cheetah-run,5,iFSQ-RL
4,868,35000,0,194.119588054443,0,0,0,cheetah-run,5,iFSQ-RL
5,1040,40000,0,197.13537454561447,0,0,0,cheetah-run,5,iFSQ-RL
6,1212,45000,0,280.52044633532057,0,0,0,cheetah-run,5,iFSQ-RL
7,1384,50000,0,330.60430455183524,0,0,0,cheetah-run,5,iFSQ-RL
8,1556,55000,0,374.6345872410573,0,0,0,cheetah-run,5,iFSQ-RL
9,1728,60000,0,301.0527239098431,0,0,0,cheetah-run,5,iFSQ-RL
10,1900,65000,0,410.9365879083169,0,0,0,cheetah-run,5,iFSQ-RL
11,2072,70000,0,471.3968896486214,0,0,0,cheetah-run,5,iFSQ-RL
12,2244,75000,0,446.2458138455404,0,0,0,cheetah-run,5,iFSQ-RL
13,2416,80000,0,449.5769319688901,0,0,0,cheetah-run,5,iFSQ-RL
14,2588,85000,0,469.7522664820775,0,0,0,cheetah-run,5,iFSQ-RL
15,2760,90000,0,495.7767477834597,0,0,0,cheetah-run,5,iFSQ-RL
16,2932,95000,0,509.2492104858626,0,0,0,cheetah-run,5,iFSQ-RL
17,3104,100000,0,538.3875854447484,0,0,0,cheetah-run,5,iFSQ-RL
18,3276,105000,0,526.2566393214278,0,0,0,cheetah-run,5,iFSQ-RL
19,3448,110000,0,524.711494206218,0,0,0,cheetah-run,5,iFSQ-RL
20,3620,115000,0,541.4080029279925,0,0,0,cheetah-run,5,iFSQ-RL
21,3792,120000,0,566.1300702998415,0,0,0,cheetah-run,5,iFSQ-RL
22,3964,125000,0,578.0132977572736,0,0,0,cheetah-run,5,iFSQ-RL
23,4136,130000,0,547.8989877483342,0,0,0,cheetah-run,5,iFSQ-RL
24,4308,135000,0,582.7907996116206,0,0,0,cheetah-run,5,iFSQ-RL
25,4480,140000,0,589.4064511142672,0,0,0,cheetah-run,5,iFSQ-RL
26,4652,145000,0,585.623439805396,0,0,0,cheetah-run,5,iFSQ-RL
27,4824,150000,0,584.6650911313948,0,0,0,cheetah-run,5,iFSQ-RL
28,4996,155000,0,602.7415459556505,0,0,0,cheetah-run,5,iFSQ-RL
29,5168,160000,0,605.5540043496527,0,0,0,cheetah-run,5,iFSQ-RL
30,5340,165000,0,604.7638002387248,0,0,0,cheetah-run,5,iFSQ-RL
31,5512,170000,0,599.7545999941416,0,0,0,cheetah-run,5,iFSQ-RL
32,5684,175000,0,618.6573255322407,0,0,0,cheetah-run,5,iFSQ-RL
33,5856,180000,0,614.8285283698235,0,0,0,cheetah-run,5,iFSQ-RL
34,6028,185000,0,644.943056261912,0,0,0,cheetah-run,5,iFSQ-RL
35,6200,190000,0,656.4062193454243,0,0,0,cheetah-run,5,iFSQ-RL
36,6372,195000,0,657.1826847997494,0,0,0,cheetah-run,5,iFSQ-RL
37,6544,200000,0,654.6668743938674,0,0,0,cheetah-run,5,iFSQ-RL
38,6716,205000,0,660.0664742533118,0,0,0,cheetah-run,5,iFSQ-RL
39,6888,210000,0,671.8388270338066,0,0,0,cheetah-run,5,iFSQ-RL
40,7060,215000,0,674.9576594243292,0,0,0,cheetah-run,5,iFSQ-RL
41,7232,220000,0,683.0253959394992,0,0,0,cheetah-run,5,iFSQ-RL
42,7404,225000,0,690.2916024161502,0,0,0,cheetah-run,5,iFSQ-RL
43,7576,230000,0,686.3572405046783,0,0,0,cheetah-run,5,iFSQ-RL
44,7748,235000,0,687.0170692737214,0,0,0,cheetah-run,5,iFSQ-RL
45,7920,240000,0,683.9018657996319,0,0,0,cheetah-run,5,iFSQ-RL
46,8092,245000,0,698.532876004139,0,0,0,cheetah-run,5,iFSQ-RL
47,8264,250000,0,702.930715246452,0,0,0,cheetah-run,5,iFSQ-RL
48,8436,255000,0,713.1988970829873,0,0,0,cheetah-run,5,iFSQ-RL
49,8608,260000,0,716.0061486541293,0,0,0,cheetah-run,5,iFSQ-RL
50,8780,265000,0,720.8136357655749,0,0,0,cheetah-run,5,iFSQ-RL
51,8952,270000,0,719.7831350925378,0,0,0,cheetah-run,5,iFSQ-RL
52,9124,275000,0,729.2803023784887,0,0,0,cheetah-run,5,iFSQ-RL
53,9296,280000,0,723.1297994640656,0,0,0,cheetah-run,5,iFSQ-RL
54,9468,285000,0,731.9925526590553,0,0,0,cheetah-run,5,iFSQ-RL
55,9640,290000,0,737.733131544944,0,0,0,cheetah-run,5,iFSQ-RL
0,180,15000,0,18.720055265735144,0,0,0,dog-walk,1,iFSQ-RL+rec
1,352,20000,0,22.541292932850048,0,0,0,dog-walk,1,iFSQ-RL+rec
2,524,25000,0,17.444309245143714,0,0,0,dog-walk,1,iFSQ-RL+rec
3,696,30000,0,24.58410300076924,0,0,0,dog-walk,1,iFSQ-RL+rec
4,868,35000,0,19.31578754138438,0,0,0,dog-walk,1,iFSQ-RL+rec
5,1040,40000,0,15.298497813791078,0,0,0,dog-walk,1,iFSQ-RL+rec
6,1212,45000,0,23.541090854793264,0,0,0,dog-walk,1,iFSQ-RL+rec
7,1384,50000,0,19.656835523281025,0,0,0,dog-walk,1,iFSQ-RL+rec
8,1556,55000,0,24.186256516931515,0,0,0,dog-walk,1,iFSQ-RL+rec
9,1728,60000,0,24.54227005576045,0,0,0,dog-walk,1,iFSQ-RL+rec
10,1900,65000,0,24.662053976128913,0,0,0,dog-walk,1,iFSQ-RL+rec
11,2072,70000,0,24.984171568377263,0,0,0,dog-walk,1,iFSQ-RL+rec
12,2244,75000,0,32.20594217335765,0,0,0,dog-walk,1,iFSQ-RL+rec
13,2416,80000,0,24.929373098988062,0,0,0,dog-walk,1,iFSQ-RL+rec
14,2588,85000,0,26.339511184022605,0,0,0,dog-walk,1,iFSQ-RL+rec
15,2760,90000,0,17.521925167476656,0,0,0,dog-walk,1,iFSQ-RL+rec
16,2932,95000,0,34.75260816149217,0,0,0,dog-walk,1,iFSQ-RL+rec
17,3104,100000,0,26.580517561440665,0,0,0,dog-walk,1,iFSQ-RL+rec
18,3276,105000,0,39.1083189367922,0,0,0,dog-walk,1,iFSQ-RL+rec
19,3448,110000,0,22.185216901124086,0,0,0,dog-walk,1,iFSQ-RL+rec
20,3620,115000,0,28.18600485342042,0,0,0,dog-walk,1,iFSQ-RL+rec
21,3792,120000,0,27.150736858947596,0,0,0,dog-walk,1,iFSQ-RL+rec
22,3964,125000,0,20.177355208815907,0,0,0,dog-walk,1,iFSQ-RL+rec
23,4136,130000,0,19.004482391691113,0,0,0,dog-walk,1,iFSQ-RL+rec
24,4308,135000,0,18.932394209098813,0,0,0,dog-walk,1,iFSQ-RL+rec
25,4480,140000,0,21.162011689660716,0,0,0,dog-walk,1,iFSQ-RL+rec
26,4652,145000,0,29.36355005105289,0,0,0,dog-walk,1,iFSQ-RL+rec
27,4824,150000,0,22.79684222656425,0,0,0,dog-walk,1,iFSQ-RL+rec
28,4996,155000,0,27.207359853567407,0,0,0,dog-walk,1,iFSQ-RL+rec
0,180,15000,0,26.38504405878057,0,0,0,dog-walk,2,iFSQ-RL+rec
1,352,20000,0,23.519213587148,0,0,0,dog-walk,2,iFSQ-RL+rec
2,524,25000,0,18.804390030189982,0,0,0,dog-walk,2,iFSQ-RL+rec
3,696,30000,0,31.7871512965501,0,0,0,dog-walk,2,iFSQ-RL+rec
4,868,35000,0,29.430291478122967,0,0,0,dog-walk,2,iFSQ-RL+rec
5,1040,40000,0,34.05203961225559,0,0,0,dog-walk,2,iFSQ-RL+rec
6,1212,45000,0,35.30717050767588,0,0,0,dog-walk,2,iFSQ-RL+rec
7,1384,50000,0,32.59678538743766,0,0,0,dog-walk,2,iFSQ-RL+rec
8,1556,55000,0,33.18205784907674,0,0,0,dog-walk,2,iFSQ-RL+rec
9,1728,60000,0,30.126674890407223,0,0,0,dog-walk,2,iFSQ-RL+rec
10,1900,65000,0,43.896253816777076,0,0,0,dog-walk,2,iFSQ-RL+rec
11,2072,70000,0,40.85180862666753,0,0,0,dog-walk,2,iFSQ-RL+rec
12,2244,75000,0,39.82493383880741,0,0,0,dog-walk,2,iFSQ-RL+rec
13,2416,80000,0,40.31921378181272,0,0,0,dog-walk,2,iFSQ-RL+rec
14,2588,85000,0,37.38390613580968,0,0,0,dog-walk,2,iFSQ-RL+rec
15,2760,90000,0,44.42954278653631,0,0,0,dog-walk,2,iFSQ-RL+rec
16,2932,95000,0,43.85673178548916,0,0,0,dog-walk,2,iFSQ-RL+rec
17,3104,100000,0,39.86136494244298,0,0,0,dog-walk,2,iFSQ-RL+rec
18,3276,105000,0,44.80937066298344,0,0,0,dog-walk,2,iFSQ-RL+rec
19,3448,110000,0,41.583676684077844,0,0,0,dog-walk,2,iFSQ-RL+rec
20,3620,115000,0,42.019950385539,0,0,0,dog-walk,2,iFSQ-RL+rec
21,3792,120000,0,47.688837267347495,0,0,0,dog-walk,2,iFSQ-RL+rec
22,3964,125000,0,55.683273275335196,0,0,0,dog-walk,2,iFSQ-RL+rec
23,4136,130000,0,47.48893286152479,0,0,0,dog-walk,2,iFSQ-RL+rec
24,4308,135000,0,46.86177375713358,0,0,0,dog-walk,2,iFSQ-RL+rec
25,4480,140000,0,47.345144416974605,0,0,0,dog-walk,2,iFSQ-RL+rec
26,4652,145000,0,58.09784434048451,0,0,0,dog-walk,2,iFSQ-RL+rec
27,4824,150000,0,51.22486296147288,0,0,0,dog-walk,2,iFSQ-RL+rec
28,4996,155000,0,52.20661598702095,0,0,0,dog-walk,2,iFSQ-RL+rec
29,5168,160000,0,57.03859062807086,0,0,0,dog-walk,2,iFSQ-RL+rec
0,180,15000,0,17.623535724429036,0,0,0,dog-walk,3,iFSQ-RL+rec
1,352,20000,0,18.90457653034049,0,0,0,dog-walk,3,iFSQ-RL+rec
2,524,25000,0,15.403240959771946,0,0,0,dog-walk,3,iFSQ-RL+rec
3,696,30000,0,17.719094859233365,0,0,0,dog-walk,3,iFSQ-RL+rec
4,868,35000,0,15.981183423470728,0,0,0,dog-walk,3,iFSQ-RL+rec
5,1040,40000,0,15.458111854604834,0,0,0,dog-walk,3,iFSQ-RL+rec
6,1212,45000,0,18.51230715152149,0,0,0,dog-walk,3,iFSQ-RL+rec
7,1384,50000,0,30.110030475365797,0,0,0,dog-walk,3,iFSQ-RL+rec
8,1556,55000,0,30.225427921096617,0,0,0,dog-walk,3,iFSQ-RL+rec
9,1728,60000,0,32.795264347842775,0,0,0,dog-walk,3,iFSQ-RL+rec
10,1900,65000,0,41.15756485942413,0,0,0,dog-walk,3,iFSQ-RL+rec
11,2072,70000,0,35.88869498772336,0,0,0,dog-walk,3,iFSQ-RL+rec
12,2244,75000,0,37.763270033343986,0,0,0,dog-walk,3,iFSQ-RL+rec
13,2416,80000,0,36.76162553264521,0,0,0,dog-walk,3,iFSQ-RL+rec
14,2588,85000,0,40.185654302773884,0,0,0,dog-walk,3,iFSQ-RL+rec
15,2760,90000,0,38.741910869892855,0,0,0,dog-walk,3,iFSQ-RL+rec
16,2932,95000,0,38.63763220588944,0,0,0,dog-walk,3,iFSQ-RL+rec
17,3104,100000,0,41.78834900038182,0,0,0,dog-walk,3,iFSQ-RL+rec
18,3276,105000,0,40.33228634988372,0,0,0,dog-walk,3,iFSQ-RL+rec
19,3448,110000,0,46.72200341283015,0,0,0,dog-walk,3,iFSQ-RL+rec
20,3620,115000,0,34.41758768511738,0,0,0,dog-walk,3,iFSQ-RL+rec
21,3792,120000,0,51.99202993131443,0,0,0,dog-walk,3,iFSQ-RL+rec
22,3964,125000,0,43.222719103056974,0,0,0,dog-walk,3,iFSQ-RL+rec
23,4136,130000,0,44.1518439163296,0,0,0,dog-walk,3,iFSQ-RL+rec
24,4308,135000,0,42.1415309851342,0,0,0,dog-walk,3,iFSQ-RL+rec
25,4480,140000,0,43.33889822268055,0,0,0,dog-walk,3,iFSQ-RL+rec
26,4652,145000,0,42.634708245671504,0,0,0,dog-walk,3,iFSQ-RL+rec
27,4824,150000,0,42.616843896089065,0,0,0,dog-walk,3,iFSQ-RL+rec
28,4996,155000,0,49.28039593901026,0,0,0,dog-walk,3,iFSQ-RL+rec
0,180,15000,0,35.31649281137673,0,0,0,dog-walk,4,iFSQ-RL+rec
1,352,20000,0,23.088997627515823,0,0,0,dog-walk,4,iFSQ-RL+rec
2,524,25000,0,31.254166318690217,0,0,0,dog-walk,4,iFSQ-RL+rec
3,696,30000,0,23.836774389269067,0,0,0,dog-walk,4,iFSQ-RL+rec
4,868,35000,0,30.047939582446634,0,0,0,dog-walk,4,iFSQ-RL+rec
5,1040,40000,0,30.269092849719023,0,0,0,dog-walk,4,iFSQ-RL+rec
6,1212,45000,0,35.02805637611209,0,0,0,dog-walk,4,iFSQ-RL+rec
7,1384,50000,0,37.49390661118474,0,0,0,dog-walk,4,iFSQ-RL+rec
8,1556,55000,0,43.18015284581172,0,0,0,dog-walk,4,iFSQ-RL+rec
9,1728,60000,0,50.961355277820545,0,0,0,dog-walk,4,iFSQ-RL+rec
10,1900,65000,0,45.17145357100806,0,0,0,dog-walk,4,iFSQ-RL+rec
11,2072,70000,0,37.38090477339141,0,0,0,dog-walk,4,iFSQ-RL+rec
12,2244,75000,0,49.33522300660712,0,0,0,dog-walk,4,iFSQ-RL+rec
13,2416,80000,0,36.94819528715936,0,0,0,dog-walk,4,iFSQ-RL+rec
14,2588,85000,0,42.99493052284021,0,0,0,dog-walk,4,iFSQ-RL+rec
15,2760,90000,0,43.4331205070816,0,0,0,dog-walk,4,iFSQ-RL+rec
16,2932,95000,0,47.53503247004397,0,0,0,dog-walk,4,iFSQ-RL+rec
17,3104,100000,0,45.6976049878519,0,0,0,dog-walk,4,iFSQ-RL+rec
18,3276,105000,0,41.909972377240344,0,0,0,dog-walk,4,iFSQ-RL+rec
19,3448,110000,0,41.11555827305232,0,0,0,dog-walk,4,iFSQ-RL+rec
20,3620,115000,0,45.87119448989964,0,0,0,dog-walk,4,iFSQ-RL+rec
21,3792,120000,0,46.40775319867559,0,0,0,dog-walk,4,iFSQ-RL+rec
22,3964,125000,0,47.93193817629881,0,0,0,dog-walk,4,iFSQ-RL+rec
23,4136,130000,0,53.49702143571849,0,0,0,dog-walk,4,iFSQ-RL+rec
24,4308,135000,0,55.1775113415997,0,0,0,dog-walk,4,iFSQ-RL+rec
25,4480,140000,0,51.23180030949916,0,0,0,dog-walk,4,iFSQ-RL+rec
26,4652,145000,0,51.703035416741116,0,0,0,dog-walk,4,iFSQ-RL+rec
27,4824,150000,0,53.43781403526951,0,0,0,dog-walk,4,iFSQ-RL+rec
28,4996,155000,0,52.6253106387624,0,0,0,dog-walk,4,iFSQ-RL+rec
0,180,15000,0,26.241883185484948,0,0,0,dog-walk,5,iFSQ-RL+rec
1,352,20000,0,22.70103381626313,0,0,0,dog-walk,5,iFSQ-RL+rec
2,524,25000,0,30.47109181773905,0,0,0,dog-walk,5,iFSQ-RL+rec
3,696,30000,0,29.041566606160302,0,0,0,dog-walk,5,iFSQ-RL+rec
4,868,35000,0,35.31199621648218,0,0,0,dog-walk,5,iFSQ-RL+rec
5,1040,40000,0,34.530931636302014,0,0,0,dog-walk,5,iFSQ-RL+rec
6,1212,45000,0,36.08466637227398,0,0,0,dog-walk,5,iFSQ-RL+rec
7,1384,50000,0,35.60691238461099,0,0,0,dog-walk,5,iFSQ-RL+rec
8,1556,55000,0,41.09029608123693,0,0,0,dog-walk,5,iFSQ-RL+rec
9,1728,60000,0,32.27959442870766,0,0,0,dog-walk,5,iFSQ-RL+rec
10,1900,65000,0,35.284615495957915,0,0,0,dog-walk,5,iFSQ-RL+rec
11,2072,70000,0,41.347313845078105,0,0,0,dog-walk,5,iFSQ-RL+rec
12,2244,75000,0,39.889443882681974,0,0,0,dog-walk,5,iFSQ-RL+rec
13,2416,80000,0,39.54020334423724,0,0,0,dog-walk,5,iFSQ-RL+rec
14,2588,85000,0,40.5394808037896,0,0,0,dog-walk,5,iFSQ-RL+rec
15,2760,90000,0,43.043142334675636,0,0,0,dog-walk,5,iFSQ-RL+rec
16,2932,95000,0,55.85519009227496,0,0,0,dog-walk,5,iFSQ-RL+rec
17,3104,100000,0,49.51297241781389,0,0,0,dog-walk,5,iFSQ-RL+rec
18,3276,105000,0,31.744769882817913,0,0,0,dog-walk,5,iFSQ-RL+rec
19,3448,110000,0,45.56749735910583,0,0,0,dog-walk,5,iFSQ-RL+rec
20,3620,115000,0,45.723570235439794,0,0,0,dog-walk,5,iFSQ-RL+rec
21,3792,120000,0,52.42047989026939,0,0,0,dog-walk,5,iFSQ-RL+rec
22,3964,125000,0,46.68883946513821,0,0,0,dog-walk,5,iFSQ-RL+rec
23,4136,130000,0,46.45593445997588,0,0,0,dog-walk,5,iFSQ-RL+rec
24,4308,135000,0,40.6368078513581,0,0,0,dog-walk,5,iFSQ-RL+rec
25,4480,140000,0,48.24523132580771,0,0,0,dog-walk,5,iFSQ-RL+rec
26,4652,145000,0,51.19709361567432,0,0,0,dog-walk,5,iFSQ-RL+rec
27,4824,150000,0,54.331960743322455,0,0,0,dog-walk,5,iFSQ-RL+rec
0,180,15000,0,8.290243756656901,0,0,0,dog-walk,1,iFSQ-RL
1,352,20000,0,9.788855766256543,0,0,0,dog-walk,1,iFSQ-RL
2,524,25000,0,12.672087705639168,0,0,0,dog-walk,1,iFSQ-RL
3,696,30000,0,10.215512648529351,0,0,0,dog-walk,1,iFSQ-RL
4,868,35000,0,7.2753847897993555,0,0,0,dog-walk,1,iFSQ-RL
5,1040,40000,0,7.948894639288573,0,0,0,dog-walk,1,iFSQ-RL
6,1212,45000,0,9.61418546413694,0,0,0,dog-walk,1,iFSQ-RL
7,1384,50000,0,12.52461737912823,0,0,0,dog-walk,1,iFSQ-RL
8,1556,55000,0,14.486210227062122,0,0,0,dog-walk,1,iFSQ-RL
9,1728,60000,0,15.583096893550294,0,0,0,dog-walk,1,iFSQ-RL
10,1900,65000,0,15.755161741379442,0,0,0,dog-walk,1,iFSQ-RL
11,2072,70000,0,15.43649018560593,0,0,0,dog-walk,1,iFSQ-RL
12,2244,75000,0,26.137269575948086,0,0,0,dog-walk,1,iFSQ-RL
13,2416,80000,0,23.030017745121974,0,0,0,dog-walk,1,iFSQ-RL
14,2588,85000,0,14.095406647311757,0,0,0,dog-walk,1,iFSQ-RL
15,2760,90000,0,55.7729027477712,0,0,0,dog-walk,1,iFSQ-RL
16,2932,95000,0,55.086455882599374,0,0,0,dog-walk,1,iFSQ-RL
17,3104,100000,0,69.88821315864831,0,0,0,dog-walk,1,iFSQ-RL
18,3276,105000,0,70.50330329448624,0,0,0,dog-walk,1,iFSQ-RL
19,3448,110000,0,85.68806164985999,0,0,0,dog-walk,1,iFSQ-RL
20,3620,115000,0,77.39262438845599,0,0,0,dog-walk,1,iFSQ-RL
21,3792,120000,0,78.70739124845302,0,0,0,dog-walk,1,iFSQ-RL
22,3964,125000,0,76.20663165291244,0,0,0,dog-walk,1,iFSQ-RL
23,4136,130000,0,101.77907544704831,0,0,0,dog-walk,1,iFSQ-RL
24,4308,135000,0,102.8707765291635,0,0,0,dog-walk,1,iFSQ-RL
25,4480,140000,0,97.23362913590688,0,0,0,dog-walk,1,iFSQ-RL
26,4652,145000,0,110.0601213544343,0,0,0,dog-walk,1,iFSQ-RL
27,4824,150000,0,133.8214798978268,0,0,0,dog-walk,1,iFSQ-RL
28,4996,155000,0,115.35745116591497,0,0,0,dog-walk,1,iFSQ-RL
29,5168,160000,0,150.089765299364,0,0,0,dog-walk,1,iFSQ-RL
30,5340,165000,0,128.9189662784871,0,0,0,dog-walk,1,iFSQ-RL
31,5512,170000,0,156.21928630415314,0,0,0,dog-walk,1,iFSQ-RL
32,5684,175000,0,153.79235495830508,0,0,0,dog-walk,1,iFSQ-RL
33,5856,180000,0,191.5951636785685,0,0,0,dog-walk,1,iFSQ-RL
34,6028,185000,0,201.5038618581544,0,0,0,dog-walk,1,iFSQ-RL
35,6200,190000,0,222.54601222269275,0,0,0,dog-walk,1,iFSQ-RL
36,6372,195000,0,184.40808151699167,0,0,0,dog-walk,1,iFSQ-RL
37,6544,200000,0,241.83772897580056,0,0,0,dog-walk,1,iFSQ-RL
38,6716,205000,0,215.87084760222132,0,0,0,dog-walk,1,iFSQ-RL
39,6888,210000,0,236.20189108844497,0,0,0,dog-walk,1,iFSQ-RL
40,7060,215000,0,233.2352891831484,0,0,0,dog-walk,1,iFSQ-RL
41,7232,220000,0,281.2831504015427,0,0,0,dog-walk,1,iFSQ-RL
42,7404,225000,0,290.5811048661097,0,0,0,dog-walk,1,iFSQ-RL
43,7576,230000,0,319.1770795889588,0,0,0,dog-walk,1,iFSQ-RL
44,7748,235000,0,323.98515868826763,0,0,0,dog-walk,1,iFSQ-RL
45,7920,240000,0,340.93421108306666,0,0,0,dog-walk,1,iFSQ-RL
46,8092,245000,0,401.90499776467476,0,0,0,dog-walk,1,iFSQ-RL
47,8264,250000,0,197.91830956180382,0,0,0,dog-walk,1,iFSQ-RL
48,8436,255000,0,279.8660383596325,0,0,0,dog-walk,1,iFSQ-RL
49,8608,260000,0,375.74694773375234,0,0,0,dog-walk,1,iFSQ-RL
50,8780,265000,0,277.50601576844053,0,0,0,dog-walk,1,iFSQ-RL
51,8952,270000,0,388.64190959460683,0,0,0,dog-walk,1,iFSQ-RL
52,9124,275000,0,420.3454336099905,0,0,0,dog-walk,1,iFSQ-RL
53,9296,280000,0,364.2242317234435,0,0,0,dog-walk,1,iFSQ-RL
0,180,15000,0,10.526463693662128,0,0,0,dog-walk,2,iFSQ-RL
1,352,20000,0,12.56682762169262,0,0,0,dog-walk,2,iFSQ-RL
2,524,25000,0,17.195623353114666,0,0,0,dog-walk,2,iFSQ-RL
3,696,30000,0,13.773661118950747,0,0,0,dog-walk,2,iFSQ-RL
4,868,35000,0,6.748203857484794,0,0,0,dog-walk,2,iFSQ-RL
5,1040,40000,0,17.924663318656776,0,0,0,dog-walk,2,iFSQ-RL
6,1212,45000,0,13.220515464581478,0,0,0,dog-walk,2,iFSQ-RL
7,1384,50000,0,12.942265267413031,0,0,0,dog-walk,2,iFSQ-RL
8,1556,55000,0,17.561110810152762,0,0,0,dog-walk,2,iFSQ-RL
9,1728,60000,0,19.419355818858218,0,0,0,dog-walk,2,iFSQ-RL
10,1900,65000,0,18.089597016244248,0,0,0,dog-walk,2,iFSQ-RL
11,2072,70000,0,12.832634201189421,0,0,0,dog-walk,2,iFSQ-RL
12,2244,75000,0,26.484792700070283,0,0,0,dog-walk,2,iFSQ-RL
13,2416,80000,0,29.72137865550643,0,0,0,dog-walk,2,iFSQ-RL
14,2588,85000,0,44.8219716955167,0,0,0,dog-walk,2,iFSQ-RL
15,2760,90000,0,49.33643463803795,0,0,0,dog-walk,2,iFSQ-RL
16,2932,95000,0,50.6825914925058,0,0,0,dog-walk,2,iFSQ-RL
17,3104,100000,0,46.407158872324445,0,0,0,dog-walk,2,iFSQ-RL
18,3276,105000,0,71.72538013209214,0,0,0,dog-walk,2,iFSQ-RL
19,3448,110000,0,83.22317934513322,0,0,0,dog-walk,2,iFSQ-RL
20,3620,115000,0,87.88434945054595,0,0,0,dog-walk,2,iFSQ-RL
21,3792,120000,0,98.43431640688434,0,0,0,dog-walk,2,iFSQ-RL
22,3964,125000,0,97.0631048255691,0,0,0,dog-walk,2,iFSQ-RL
23,4136,130000,0,110.33611527167307,0,0,0,dog-walk,2,iFSQ-RL
24,4308,135000,0,102.57812306263415,0,0,0,dog-walk,2,iFSQ-RL
25,4480,140000,0,107.92156468749127,0,0,0,dog-walk,2,iFSQ-RL
26,4652,145000,0,123.07366674724781,0,0,0,dog-walk,2,iFSQ-RL
27,4824,150000,0,135.31326471647398,0,0,0,dog-walk,2,iFSQ-RL
28,4996,155000,0,122.67017461455161,0,0,0,dog-walk,2,iFSQ-RL
29,5168,160000,0,140.82646679988412,0,0,0,dog-walk,2,iFSQ-RL
30,5340,165000,0,146.99495547046644,0,0,0,dog-walk,2,iFSQ-RL
31,5512,170000,0,146.11337953356923,0,0,0,dog-walk,2,iFSQ-RL
32,5684,175000,0,130.93057109333967,0,0,0,dog-walk,2,iFSQ-RL
33,5856,180000,0,131.81467977344874,0,0,0,dog-walk,2,iFSQ-RL
34,6028,185000,0,155.20374720387008,0,0,0,dog-walk,2,iFSQ-RL
35,6200,190000,0,149.39166814610545,0,0,0,dog-walk,2,iFSQ-RL
36,6372,195000,0,168.9225917965543,0,0,0,dog-walk,2,iFSQ-RL
37,6544,200000,0,172.22912177221878,0,0,0,dog-walk,2,iFSQ-RL
38,6716,205000,0,165.69985278303778,0,0,0,dog-walk,2,iFSQ-RL
39,6888,210000,0,191.40090031554647,0,0,0,dog-walk,2,iFSQ-RL
40,7060,215000,0,167.34335881801417,0,0,0,dog-walk,2,iFSQ-RL
41,7232,220000,0,183.48652627335576,0,0,0,dog-walk,2,iFSQ-RL
42,7404,225000,0,174.17066069372322,0,0,0,dog-walk,2,iFSQ-RL
43,7576,230000,0,171.5312938861407,0,0,0,dog-walk,2,iFSQ-RL
44,7748,235000,0,197.24704646780447,0,0,0,dog-walk,2,iFSQ-RL
45,7920,240000,0,212.96717128726738,0,0,0,dog-walk,2,iFSQ-RL
46,8092,245000,0,198.76789564305466,0,0,0,dog-walk,2,iFSQ-RL
47,8264,250000,0,202.7518861391148,0,0,0,dog-walk,2,iFSQ-RL
48,8436,255000,0,231.0164015228467,0,0,0,dog-walk,2,iFSQ-RL
49,8608,260000,0,227.36288756139257,0,0,0,dog-walk,2,iFSQ-RL
0,180,15000,0,8.958736029514148,0,0,0,dog-walk,3,iFSQ-RL
1,352,20000,0,12.956861492940892,0,0,0,dog-walk,3,iFSQ-RL
2,524,25000,0,13.368964285570366,0,0,0,dog-walk,3,iFSQ-RL
3,696,30000,0,9.9597531370571,0,0,0,dog-walk,3,iFSQ-RL
4,868,35000,0,12.111915400785623,0,0,0,dog-walk,3,iFSQ-RL
5,1040,40000,0,7.40009116298611,0,0,0,dog-walk,3,iFSQ-RL
6,1212,45000,0,13.180294633608492,0,0,0,dog-walk,3,iFSQ-RL
7,1384,50000,0,14.85340703112023,0,0,0,dog-walk,3,iFSQ-RL
8,1556,55000,0,12.744136134413608,0,0,0,dog-walk,3,iFSQ-RL
9,1728,60000,0,14.296431918179227,0,0,0,dog-walk,3,iFSQ-RL
10,1900,65000,0,15.564629514119844,0,0,0,dog-walk,3,iFSQ-RL
11,2072,70000,0,19.040992523679797,0,0,0,dog-walk,3,iFSQ-RL
12,2244,75000,0,24.418279564545024,0,0,0,dog-walk,3,iFSQ-RL
13,2416,80000,0,36.927915353540484,0,0,0,dog-walk,3,iFSQ-RL
14,2588,85000,0,41.17521266733111,0,0,0,dog-walk,3,iFSQ-RL
15,2760,90000,0,41.810764639425635,0,0,0,dog-walk,3,iFSQ-RL
16,2932,95000,0,48.98221175472899,0,0,0,dog-walk,3,iFSQ-RL
17,3104,100000,0,78.07474541288074,0,0,0,dog-walk,3,iFSQ-RL
18,3276,105000,0,87.19401770883788,0,0,0,dog-walk,3,iFSQ-RL
19,3448,110000,0,99.44007565609004,0,0,0,dog-walk,3,iFSQ-RL
20,3620,115000,0,83.47130390725579,0,0,0,dog-walk,3,iFSQ-RL
21,3792,120000,0,101.35457755479129,0,0,0,dog-walk,3,iFSQ-RL
22,3964,125000,0,99.69901008442612,0,0,0,dog-walk,3,iFSQ-RL
23,4136,130000,0,112.12681918547833,0,0,0,dog-walk,3,iFSQ-RL
24,4308,135000,0,115.0098512191129,0,0,0,dog-walk,3,iFSQ-RL
25,4480,140000,0,113.6801963568782,0,0,0,dog-walk,3,iFSQ-RL
26,4652,145000,0,115.06710765073804,0,0,0,dog-walk,3,iFSQ-RL
27,4824,150000,0,125.36051112745481,0,0,0,dog-walk,3,iFSQ-RL
28,4996,155000,0,126.11693352443744,0,0,0,dog-walk,3,iFSQ-RL
29,5168,160000,0,125.76225928499282,0,0,0,dog-walk,3,iFSQ-RL
30,5340,165000,0,134.6216478929473,0,0,0,dog-walk,3,iFSQ-RL
31,5512,170000,0,140.1525894066439,0,0,0,dog-walk,3,iFSQ-RL
32,5684,175000,0,169.39767452044688,0,0,0,dog-walk,3,iFSQ-RL
33,5856,180000,0,162.795402715745,0,0,0,dog-walk,3,iFSQ-RL
34,6028,185000,0,181.29022066894066,0,0,0,dog-walk,3,iFSQ-RL
35,6200,190000,0,186.22671824581485,0,0,0,dog-walk,3,iFSQ-RL
36,6372,195000,0,203.1918795273863,0,0,0,dog-walk,3,iFSQ-RL
37,6544,200000,0,216.22147569984662,0,0,0,dog-walk,3,iFSQ-RL
38,6716,205000,0,164.00614156761011,0,0,0,dog-walk,3,iFSQ-RL
39,6888,210000,0,209.6428788488949,0,0,0,dog-walk,3,iFSQ-RL
40,7060,215000,0,238.25535840604863,0,0,0,dog-walk,3,iFSQ-RL
41,7232,220000,0,194.6096982157058,0,0,0,dog-walk,3,iFSQ-RL
42,7404,225000,0,229.4869393596804,0,0,0,dog-walk,3,iFSQ-RL
43,7576,230000,0,220.12405302659317,0,0,0,dog-walk,3,iFSQ-RL
44,7748,235000,0,246.17559167675387,0,0,0,dog-walk,3,iFSQ-RL
45,7920,240000,0,222.62331912785885,0,0,0,dog-walk,3,iFSQ-RL
46,8092,245000,0,249.52512632763973,0,0,0,dog-walk,3,iFSQ-RL
47,8264,250000,0,299.7690623104725,0,0,0,dog-walk,3,iFSQ-RL
48,8436,255000,0,290.609354044596,0,0,0,dog-walk,3,iFSQ-RL
49,8608,260000,0,300.62836247685755,0,0,0,dog-walk,3,iFSQ-RL
0,180,15000,0,8.26287677836126,0,0,0,dog-walk,4,iFSQ-RL
1,352,20000,0,8.87405650063106,0,0,0,dog-walk,4,iFSQ-RL
2,524,25000,0,12.838343173844157,0,0,0,dog-walk,4,iFSQ-RL
3,696,30000,0,12.62094553906871,0,0,0,dog-walk,4,iFSQ-RL
4,868,35000,0,11.789892715043019,0,0,0,dog-walk,4,iFSQ-RL
5,1040,40000,0,23.174577002636248,0,0,0,dog-walk,4,iFSQ-RL
6,1212,45000,0,14.636889801649067,0,0,0,dog-walk,4,iFSQ-RL
7,1384,50000,0,18.004123798436428,0,0,0,dog-walk,4,iFSQ-RL
8,1556,55000,0,14.173722971220219,0,0,0,dog-walk,4,iFSQ-RL
9,1728,60000,0,21.03931991189154,0,0,0,dog-walk,4,iFSQ-RL
10,1900,65000,0,18.996720511709917,0,0,0,dog-walk,4,iFSQ-RL
11,2072,70000,0,31.13750557206355,0,0,0,dog-walk,4,iFSQ-RL
12,2244,75000,0,21.158968423392654,0,0,0,dog-walk,4,iFSQ-RL
13,2416,80000,0,42.20999704204094,0,0,0,dog-walk,4,iFSQ-RL
14,2588,85000,0,40.9133607748736,0,0,0,dog-walk,4,iFSQ-RL
15,2760,90000,0,36.10653184617702,0,0,0,dog-walk,4,iFSQ-RL
16,2932,95000,0,56.92760199113479,0,0,0,dog-walk,4,iFSQ-RL
17,3104,100000,0,50.61527362900834,0,0,0,dog-walk,4,iFSQ-RL
18,3276,105000,0,55.61050041368544,0,0,0,dog-walk,4,iFSQ-RL
19,3448,110000,0,74.95395315002733,0,0,0,dog-walk,4,iFSQ-RL
20,3620,115000,0,84.81216541423913,0,0,0,dog-walk,4,iFSQ-RL
21,3792,120000,0,95.73065915413933,0,0,0,dog-walk,4,iFSQ-RL
22,3964,125000,0,114.0405964408485,0,0,0,dog-walk,4,iFSQ-RL
23,4136,130000,0,127.92692754656862,0,0,0,dog-walk,4,iFSQ-RL
24,4308,135000,0,145.8980105902694,0,0,0,dog-walk,4,iFSQ-RL
25,4480,140000,0,132.30614709328879,0,0,0,dog-walk,4,iFSQ-RL
26,4652,145000,0,141.3472102582919,0,0,0,dog-walk,4,iFSQ-RL
27,4824,150000,0,174.47347717770717,0,0,0,dog-walk,4,iFSQ-RL
28,4996,155000,0,153.42703427950892,0,0,0,dog-walk,4,iFSQ-RL
29,5168,160000,0,167.13814347073495,0,0,0,dog-walk,4,iFSQ-RL
30,5340,165000,0,143.23963625149645,0,0,0,dog-walk,4,iFSQ-RL
31,5512,170000,0,160.2844643383175,0,0,0,dog-walk,4,iFSQ-RL
32,5684,175000,0,202.09940553834895,0,0,0,dog-walk,4,iFSQ-RL
33,5856,180000,0,172.18254261596695,0,0,0,dog-walk,4,iFSQ-RL
34,6028,185000,0,190.7967230363277,0,0,0,dog-walk,4,iFSQ-RL
35,6200,190000,0,227.71517834251017,0,0,0,dog-walk,4,iFSQ-RL
36,6372,195000,0,224.39422963035577,0,0,0,dog-walk,4,iFSQ-RL
37,6544,200000,0,249.67057335132594,0,0,0,dog-walk,4,iFSQ-RL
38,6716,205000,0,239.76702514523714,0,0,0,dog-walk,4,iFSQ-RL
39,6888,210000,0,239.6604592114436,0,0,0,dog-walk,4,iFSQ-RL
40,7060,215000,0,251.76848858331795,0,0,0,dog-walk,4,iFSQ-RL
41,7232,220000,0,282.60037332740774,0,0,0,dog-walk,4,iFSQ-RL
42,7404,225000,0,286.6122241626108,0,0,0,dog-walk,4,iFSQ-RL
43,7576,230000,0,326.556408040761,0,0,0,dog-walk,4,iFSQ-RL
44,7748,235000,0,291.3975479323279,0,0,0,dog-walk,4,iFSQ-RL
45,7920,240000,0,314.6744903069528,0,0,0,dog-walk,4,iFSQ-RL
46,8092,245000,0,321.33229155141163,0,0,0,dog-walk,4,iFSQ-RL
47,8264,250000,0,320.76930926261355,0,0,0,dog-walk,4,iFSQ-RL
48,8436,255000,0,336.23242851468024,0,0,0,dog-walk,4,iFSQ-RL
49,8608,260000,0,329.8837309067603,0,0,0,dog-walk,4,iFSQ-RL
50,8780,265000,0,343.721624205638,0,0,0,dog-walk,4,iFSQ-RL
0,180,15000,0,10.388080991301194,0,0,0,dog-walk,5,iFSQ-RL
1,352,20000,0,26.62179177830012,0,0,0,dog-walk,5,iFSQ-RL
2,524,25000,0,7.802295959712337,0,0,0,dog-walk,5,iFSQ-RL
3,696,30000,0,9.291662097068421,0,0,0,dog-walk,5,iFSQ-RL
4,868,35000,0,11.724037913301823,0,0,0,dog-walk,5,iFSQ-RL
5,1040,40000,0,18.773654026986243,0,0,0,dog-walk,5,iFSQ-RL
6,1212,45000,0,23.639053001905825,0,0,0,dog-walk,5,iFSQ-RL
7,1384,50000,0,18.995729547209045,0,0,0,dog-walk,5,iFSQ-RL
8,1556,55000,0,19.178879505193464,0,0,0,dog-walk,5,iFSQ-RL
9,1728,60000,0,22.17504681030337,0,0,0,dog-walk,5,iFSQ-RL
10,1900,65000,0,20.572073865665736,0,0,0,dog-walk,5,iFSQ-RL
11,2072,70000,0,32.99193258303126,0,0,0,dog-walk,5,iFSQ-RL
12,2244,75000,0,44.03624897373029,0,0,0,dog-walk,5,iFSQ-RL
13,2416,80000,0,59.35938874155748,0,0,0,dog-walk,5,iFSQ-RL
14,2588,85000,0,69.8035962594521,0,0,0,dog-walk,5,iFSQ-RL
15,2760,90000,0,59.42178000864826,0,0,0,dog-walk,5,iFSQ-RL
16,2932,95000,0,71.64775997056131,0,0,0,dog-walk,5,iFSQ-RL
17,3104,100000,0,92.75125228019678,0,0,0,dog-walk,5,iFSQ-RL
18,3276,105000,0,78.7629095946284,0,0,0,dog-walk,5,iFSQ-RL
19,3448,110000,0,97.61105862354904,0,0,0,dog-walk,5,iFSQ-RL
20,3620,115000,0,92.13480494151409,0,0,0,dog-walk,5,iFSQ-RL
21,3792,120000,0,116.5015224552476,0,0,0,dog-walk,5,iFSQ-RL
22,3964,125000,0,117.31187003261816,0,0,0,dog-walk,5,iFSQ-RL
23,4136,130000,0,116.4282756845776,0,0,0,dog-walk,5,iFSQ-RL
24,4308,135000,0,127.19375011638367,0,0,0,dog-walk,5,iFSQ-RL
25,4480,140000,0,136.87154720454492,0,0,0,dog-walk,5,iFSQ-RL
26,4652,145000,0,132.82890915421666,0,0,0,dog-walk,5,iFSQ-RL
27,4824,150000,0,150.32018539930178,0,0,0,dog-walk,5,iFSQ-RL
28,4996,155000,0,182.0362900154978,0,0,0,dog-walk,5,iFSQ-RL
29,5168,160000,0,195.66577062479544,0,0,0,dog-walk,5,iFSQ-RL
30,5340,165000,0,178.4632634891771,0,0,0,dog-walk,5,iFSQ-RL
31,5512,170000,0,192.20488286469262,0,0,0,dog-walk,5,iFSQ-RL
32,5684,175000,0,184.34010323603508,0,0,0,dog-walk,5,iFSQ-RL
33,5856,180000,0,155.28813674828172,0,0,0,dog-walk,5,iFSQ-RL
34,6028,185000,0,185.33652381855677,0,0,0,dog-walk,5,iFSQ-RL
35,6200,190000,0,207.05766786284076,0,0,0,dog-walk,5,iFSQ-RL
36,6372,195000,0,231.19488348038323,0,0,0,dog-walk,5,iFSQ-RL
37,6544,200000,0,212.59336098750845,0,0,0,dog-walk,5,iFSQ-RL
38,6716,205000,0,236.25660126449512,0,0,0,dog-walk,5,iFSQ-RL
39,6888,210000,0,240.4698641648929,0,0,0,dog-walk,5,iFSQ-RL
40,7060,215000,0,224.70219549187863,0,0,0,dog-walk,5,iFSQ-RL
41,7232,220000,0,220.31777234780913,0,0,0,dog-walk,5,iFSQ-RL
42,7404,225000,0,267.0805568757427,0,0,0,dog-walk,5,iFSQ-RL
43,7576,230000,0,277.52560922856185,0,0,0,dog-walk,5,iFSQ-RL
44,7748,235000,0,300.2549370558537,0,0,0,dog-walk,5,iFSQ-RL
45,7920,240000,0,272.0418317550986,0,0,0,dog-walk,5,iFSQ-RL
46,8092,245000,0,300.5715556615047,0,0,0,dog-walk,5,iFSQ-RL
47,8264,250000,0,312.6562684294986,0,0,0,dog-walk,5,iFSQ-RL
48,8436,255000,0,332.09474837799064,0,0,0,dog-walk,5,iFSQ-RL
49,8608,260000,0,316.8730265405073,0,0,0,dog-walk,5,iFSQ-RL
50,8780,265000,0,329.76949461449055,0,0,0,dog-walk,5,iFSQ-RL
51,8952,270000,0,352.0970220532557,0,0,0,dog-walk,5,iFSQ-RL
52,9124,275000,0,342.48322248948955,0,0,0,dog-walk,5,iFSQ-RL
53,9296,280000,0,326.2305460518575,0,0,0,dog-walk,5,iFSQ-RL
